-- phpMyAdmin SQL Dump
-- version 4.0.10.10
-- http://www.phpmyadmin.net
--
-- Client: 127.8.29.2:3306
-- Généré le: Lun 01 Juin 2015 à 17:08
-- Version du serveur: 5.5.41
-- Version de PHP: 5.3.3

SET SQL_MODE = "NO_AUTO_VALUE_ON_ZERO";
SET time_zone = "+00:00";


/*!40101 SET @OLD_CHARACTER_SET_CLIENT=@@CHARACTER_SET_CLIENT */;
/*!40101 SET @OLD_CHARACTER_SET_RESULTS=@@CHARACTER_SET_RESULTS */;
/*!40101 SET @OLD_COLLATION_CONNECTION=@@COLLATION_CONNECTION */;
/*!40101 SET NAMES utf8 */;

--
-- Base de données: `php`
--

DELIMITER $$
--
-- Procédures
--
CREATE DEFINER=`root`@`localhost` PROCEDURE `nb_etudiants_inscrits`(IN `p_evenement` VARCHAR(255), OUT `p_nb_etudiants_inscrits` INT)
    READS SQL DATA
SELECT count(*) INTO p_nb_etudiants_inscrits FROM inscription WHERE num_evenement = (select num_evenement FROM evenement WHERE nom_evenement = p_evenement)$$

CREATE DEFINER=`root`@`localhost` PROCEDURE `nb_places`(IN `p_evenement` VARCHAR(255), OUT `p_places` INT)
    NO SQL
SELECT nombre_places into p_places FROM evenement WHERE nom_evenement = p_evenement$$

CREATE DEFINER=`root`@`localhost` PROCEDURE `nb_places_restantes`(IN `p_evenement` VARCHAR(255), OUT `p_places_restantes` INT, IN `p_places` INT, IN `p_nb_etudiants_inscrits` INT)
    NO SQL
begin
SELECT nombre_places into p_places FROM evenement WHERE nom_evenement = p_evenement;

SELECT count(*) INTO p_nb_etudiants_inscrits FROM inscription WHERE num_evenement = (select num_evenement FROM evenement WHERE nom_evenement = p_evenement);

select (p_places - p_nb_etudiants_inscrits) into p_places_restantes;
end$$

DELIMITER ;

-- --------------------------------------------------------

--
-- Structure de la table `etudiant`
--

CREATE TABLE IF NOT EXISTS `etudiant` (
  `num_etudiant` int(10) unsigned NOT NULL AUTO_INCREMENT,
  `nom_etudiant` varchar(50) COLLATE utf8_unicode_ci NOT NULL,
  `prenom_etudiant` varchar(50) COLLATE utf8_unicode_ci NOT NULL,
  `moyenne_etudiant` float unsigned NOT NULL,
  `num_niveau` int(10) unsigned NOT NULL,
  `identifiant` varchar(255) COLLATE utf8_unicode_ci NOT NULL,
  `mot_de_passe` varchar(255) COLLATE utf8_unicode_ci NOT NULL,
  `nb_points_total` int(10) unsigned NOT NULL,
  PRIMARY KEY (`num_etudiant`),
  KEY `fk_num_niveau` (`num_niveau`)
) ENGINE=InnoDB  DEFAULT CHARSET=utf8 COLLATE=utf8_unicode_ci AUTO_INCREMENT=1002 ;

--
-- Contenu de la table `etudiant`
--

INSERT INTO `etudiant` (`num_etudiant`, `nom_etudiant`, `prenom_etudiant`, `moyenne_etudiant`, `num_niveau`, `identifiant`, `mot_de_passe`, `nb_points_total`) VALUES
(1, 'Reynolds', 'Vérane', 9.2, 0, 'Vérane', 'dd01903921ea24941c26a48f2cec24e0bb0e8cc7', 0),
(2, 'Vasquez', 'Daphnée', 16.7, 7, 'Daphnée', 'a5b1d7e217aa227d5b2b8a84920780cf637960e2', 140),
(3, 'Gonzalez', 'Kuí', 16.3, 7, 'Kuí', '9f6bf828c80134b8d3e07b058045fba6acd4e9ac', 160),
(4, 'Lee', 'Loïs', 10.8, 1, 'Loïs', '70b8dcb93382715a55ce5f2a8356ef5636a2d2da', 140),
(5, 'Howard', 'Laïla', 13.6, 4, 'Laïla', '0477d720adf7c715b04850723531a5fb1bc5334b', 80),
(6, 'Gilbert', 'Görel', 9.1, 0, 'Görel', '8554fe9ee0ed24d97cc3b500a33d4320c0fcd5a3', 0),
(7, 'Williamson', 'Måns', 11.7, 2, 'Måns', '1ccacea16652f70da4bfc9232ee20176fe1dc596', 80),
(8, 'Reynolds', 'Noémie', 10.1, 1, 'Noémie', 'ff1eb8bd6cb17940ab78c0eeecf66268772f2061', 40),
(9, 'Stone', 'Marie-ève', 12.4, 3, 'Marie-ève', 'ab68fc51497db0ca21119091a92e418e8a27984f', 60),
(10, 'Medina', 'Clémentine', 9, 0, 'Clémentine', '1966e694bad90686516f99cdf432800fdca39290', 0),
(11, 'Burke', 'Mélissandre', 14.4, 5, 'Mélissandre', 'dd2dfa50dc8feca1e5303a87b2c6a42db3ebe102', 100),
(12, 'Watson', 'Océane', 16.7, 7, 'Océane', '899a19b6bec5cddc50179f183ba138b628cf94b3', 240),
(13, 'Burns', 'Crééz', 16.6, 7, 'Crééz', 'ba5bfc9d29e57bda5c45cf82d9fff043329f313a', 145),
(14, 'Young', 'Mégane', 13.7, 4, 'Mégane', '54ea9be9d0b2076fa355586c14cc03b84ad13c70', 80),
(15, 'Coleman', 'Edmée', 12.5, 3, 'Edmée', '6ab9e3dd3a09945b25c4ab04a708c23b087fe7e6', 60),
(16, 'Patterson', 'Marie-thérèse', 16.6, 7, 'Marie-thérèse', '49ae64f7fd1d3f88bba01cfdf9cfbf9a68886037', 140),
(17, 'Rogers', 'Mélanie', 15.8, 6, 'Mélanie', '4dd260501dec55caaf354185b0aa99c8e05c045a', 120),
(18, 'Graham', 'Jú', 10.7, 1, 'Jú', 'cea8be18f8249fdbaaa535b000505661dd160000', 20),
(19, 'Ramos', 'Marie-françoise', 9.3, 0, 'Marie-françoise', '8b05af0ef2eac32530836bcebd512f38e0beae64', 0),
(20, 'Walker', 'Garçon', 16.5, 7, 'Garçon', '6d1270b059e6137ec41ef691abd46e1c01a3a0f5', 140),
(21, 'Anderson', 'Bénédicte', 8.1, 0, 'Bénédicte', '00e263ff6806064c016a643c6587b0d607a6a42d', 0),
(22, 'Wright', 'Gösta', 16.9, 7, 'Gösta', '2e2f7b99fbabb51ec37d8f54b164f309b2a6fc36', 240),
(23, 'Butler', 'Thérèse', 15, 6, 'Thérèse', '138825ed8f4199d67f9ca400b795b65fec1158ac', 170),
(24, 'Weaver', 'Nélie', 16.9, 7, 'Nélie', '128351137a9c47206c4507dcf2e6fbeeca3a9079', 140),
(25, 'Torres', 'Miléna', 9.6, 0, 'Miléna', 'bca210f878deb70f0575e974e7640fc5b404f4a1', 0),
(26, 'Johnson', 'Annotée', 15.9, 6, 'Annotée', '183723726a927563ad46963f2138cc147d04cea0', 160),
(27, 'Carr', 'Stéphanie', 9.3, 0, 'Stéphanie', 'e194ee413805ba5a6aabf4d34db2066149dc0369', 0),
(28, 'Spencer', 'Esbjörn', 13.2, 4, 'Esbjörn', 'd9935e84bd763cd4b8be14cb7861f1266f659f31', 80),
(29, 'Medina', 'Pål', 15.1, 6, 'Pål', '685df181be80ff8d2018d3ff7c61f12c471005d2', 120),
(30, 'Kelley', 'Laïla', 16.8, 7, 'Laïla', '5410535eba45bdd70048c12ae294f3caeddbe6ca', 140),
(31, 'Richardson', 'Yóu', 14, 4, 'Yóu', '45ce120feaa2c1a2bb53db6c8fb833e58d6bb661', 105),
(32, 'Jones', 'Léonie', 9.1, 0, 'Léonie', '8422051640d7c9a740564eff35fbdce111c6c557', 0),
(33, 'Fernandez', 'Céline', 14.8, 5, 'Céline', 'e0f05ed4fd4ffb1af17b55948173bfe2900cefb4', 100),
(34, 'Taylor', 'Mélodie', 14.8, 5, 'Mélodie', '290448489a06c6a2dc62e82491212444bd6e341f', 120),
(35, 'Bradley', 'Mélanie', 16.5, 7, 'Mélanie', '0284938375fd54f17c4331b8ef9f686bfbda02c3', 140),
(36, 'Turner', 'Estève', 8.8, 0, 'Estève', '3d41b7fd29fc9b4ab18b63e1727b59b9eb5df1e2', 0),
(37, 'Ramirez', 'Mà', 12.3, 3, 'Mà', '8fe39caeac3a30f1f5d796c87c71d3a53d8e8bce', 100),
(38, 'Simmons', 'Céline', 12.7, 3, 'Céline', '16da813bd551ff6880e9c1bf6ceb03103ef69db4', 60),
(39, 'Griffin', 'Léana', 15.3, 6, 'Léana', 'dff17a997c0881052e744e1a816ecde7332018a3', 120),
(40, 'Gomez', 'Torbjörn', 9.6, 0, 'Torbjörn', 'ea10e810f96fca6858e37fda9832ace147eed87c', 0),
(41, 'Davis', 'Maïlys', 9.7, 0, 'Maïlys', '8a8ec485492bb9442e4988518bbf5b62ed8501a1', 0),
(42, 'Black', 'Laurène', 10.2, 1, 'Laurène', '8b2dd04e87577952ed20d966ffb1e252744cdb5f', 20),
(43, 'Wheeler', 'Léone', 16.2, 7, 'Léone', '070dafcb55881e67b7fce04cfb94faa33639b865', 140),
(44, 'Andrews', 'Danièle', 9.3, 0, 'Danièle', 'f673929b7ae05128dd473c556386a7b585483947', 0),
(45, 'Warren', 'Clémentine', 15.9, 6, 'Clémentine', 'ef9cb1abfdb1d45bb08bd2742f179591c8266187', 195),
(46, 'Diaz', 'Pål', 12.3, 3, 'Pål', '7776f8b9dd913610a9767b419953f947d654c1a7', 60),
(47, 'Riley', 'Maïwenn', 8.3, 0, 'Maïwenn', 'fdcd8c7d50f004639ff415bc2d585fcdd34561b3', 0),
(48, 'Stewart', 'Bérengère', 15.8, 6, 'Bérengère', '8d8ebea7b076c177ecd21e2d0d7e52fa74c48f3c', 120),
(49, 'Schmidt', 'Aloïs', 15.3, 6, 'Aloïs', '23a63310b8e95a3702b44b2f22f3248de1561e88', 120),
(50, 'Fowler', 'Salomé', 14.7, 5, 'Salomé', 'ec883370694191262ca4364fb7b34135e11947b8', 220),
(51, 'King', 'Wá', 11.3, 2, 'Wá', '929f9640bc8269918a6209919a8e2cc25ec65bf6', 40),
(52, 'Gordon', 'Vénus', 14.2, 5, 'Vénus', '6896ddc64ef4051e872b1e3b3b37d25e74f3c335', 105),
(53, 'Gilbert', 'Mélissandre', 10.4, 1, 'Mélissandre', '17cc4efa7bf7d9e63c99683dd9d8f53590b8fbf5', 45),
(54, 'Carroll', 'Tú', 9.4, 0, 'Tú', '6c8e459f96d9cf05e1fac5432df1066b42609e52', 0),
(55, 'Carr', 'Mélina', 8.3, 0, 'Mélina', '54c1792c99a96a96a2881600f0cce1d81061e8b8', 0),
(56, 'Young', 'Lài', 8.7, 0, 'Lài', '99d746fce4f09b8397f84131b830a865ab4308e1', 0),
(57, 'Perez', 'Marylène', 8.3, 0, 'Marylène', '9587915e367335b4e286dbc435585857db78c0c5', 0),
(58, 'Ryan', 'Maïly', 16.4, 7, 'Maïly', '6185b6dc968a9507570a4bcf063dd40be8d62989', 160),
(59, 'Wells', 'Tán', 11.8, 2, 'Tán', '2b669c9296380e84b1308058c9c5e6917a9510e9', 40),
(60, 'Meyer', 'Yè', 13.2, 4, 'Yè', '02f84308fab673d8332e1ab780a8ade20987e925', 80),
(61, 'Bailey', 'Célia', 15.5, 6, 'Célia', '415d2e4353963c539961c46ad289844f4093ba96', 120),
(62, 'Crawford', 'Mårten', 14.7, 5, 'Mårten', 'f69e508a40c73a21d4d2b63aaa03339fe7dbd165', 145),
(63, 'Webb', 'Andrée', 11.6, 2, 'Andrée', '578d9283ca503d77b707716d16f3ae71036236d2', 80),
(64, 'Shaw', 'Anaïs', 16.2, 7, 'Anaïs', '76a9e39fc0fb7fefce78c4940c4aa5468c8c8df4', 140),
(65, 'Simmons', 'Gösta', 14.7, 5, 'Gösta', '3c19eb2961d9d449e857615c28aa47615562bc87', 120),
(66, 'Kelly', 'Zhì', 14.3, 5, 'Zhì', 'dc543d2abbb092d676b4e412354e0d2e0d7bf91b', 100),
(67, 'Reynolds', 'Edmée', 11.4, 2, 'Edmée', '418e19155782fc7f12ced8332c8ed025aec227a5', 40),
(68, 'Little', 'Marlène', 12.2, 3, 'Marlène', 'b77fb0e4f8c1ae7d38d10a6c3333722cba42b1ab', 60),
(69, 'Thomas', 'Gaëlle', 12.2, 3, 'Gaëlle', '2b9a620b52d24fbdc2b34fb350a34367af53f3c8', 80),
(70, 'Ortiz', 'Michèle', 12.5, 3, 'Michèle', 'cad61ca1c4fbad3be96e27e0b1ecd5de3b4d5c25', 65),
(71, 'Meyer', 'Cunégonde', 15.9, 6, 'Cunégonde', '2ce518699373ae57c7868a65c4c16d869de5e99b', 120),
(72, 'Rose', 'Anaé', 8.8, 0, 'Anaé', '6b4142e2e97b851a319b0fcab23709b40e3fc19f', 0),
(73, 'Duncan', 'Simplifiés', 13.4, 4, 'Simplifiés', '2b348a807fba80c79943ffd86758097907a6af79', 80),
(74, 'Hughes', 'Aimée', 12, 2, 'Aimée', '1c602ebc50cdb2284e1383ee41edcfe2344b11b5', 40),
(75, 'Mills', 'Chloé', 12.7, 3, 'Chloé', '69981d3a5bbf8a2ba25db9541830318a04450ec5', 100),
(76, 'Green', 'Sélène', 15.8, 6, 'Sélène', '8d25b4c973c5dafa021036664b080a79e0bb69a0', 120),
(77, 'Reed', 'Mén', 8.2, 0, 'Mén', 'bab750c63a16012fe1e06fd51c0f4954fb54b098', 0),
(78, 'Gardner', 'Mégane', 16.9, 7, 'Mégane', '09203a0b810d0c054f3f15d6db42aa850bea9174', 140),
(79, 'Jordan', 'Styrbjörn', 15.4, 6, 'Styrbjörn', '05fa2de99c48086b28d6e7a491a75f6f313af79d', 120),
(80, 'Reynolds', 'Mélia', 9, 0, 'Mélia', '0cf950b5e4d2ebd7c978c76091ddce6176845697', 0),
(81, 'Young', 'Örjan', 10.8, 1, 'Örjan', 'a874f83e95a94266c7d2856a7cbb42ee5af2e01a', 20),
(82, 'Lawrence', 'Yóu', 10.3, 1, 'Yóu', '662791b56c06d86d3c0cb16e8163662dd014fd9f', 20),
(83, 'Crawford', 'Léane', 12.8, 3, 'Léane', '9bda887d240782244c93a03f3cf7f2727c71daf5', 60),
(84, 'Richardson', 'Garçon', 14.9, 5, 'Garçon', 'ec99f53e14fdfe8dbd7ffc6455a4b4cf46e5c609', 100),
(85, 'Mcdonald', 'Mélissandre', 9.7, 0, 'Mélissandre', '97e3d7dde9cfe479809108e9e82145a7912a08a2', 0),
(86, 'Garza', 'Andréanne', 11.6, 2, 'Andréanne', '8d4f80df0d37819cde3e3d2bb9982d111ebac97c', 40),
(87, 'Bryant', 'Rachèle', 13.9, 4, 'Rachèle', '07f97cc68eebf81afcd32f6fc0aad7e1f17e0c00', 80),
(88, 'Hamilton', 'Séverine', 15.1, 6, 'Séverine', '831376f92ed066e803751a5a0c0ecd90a104915a', 120),
(89, 'Roberts', 'Marie-josée', 11, 2, 'Marie-josée', '785a7925363bf133a7c5413c563f331c5e02cc69', 40),
(90, 'Moreno', 'Mélia', 8.3, 0, 'Mélia', 'befa2b19820da7401dbf672069d4af99a040c200', 0),
(91, 'Arnold', 'Marie-noël', 10.4, 1, 'Marie-noël', '789ef3d6e1196152c1e7ccadc639c306254a305e', 20),
(92, 'Ward', 'Lèi', 12.9, 3, 'Lèi', '14b21325096dd31c90a39900a910122c4d9fe3d9', 60),
(93, 'Webb', 'Séverine', 10.5, 1, 'Séverine', '27b37cbcd1da7b04f8f78c990fe964c5804e0506', 20),
(94, 'Dean', 'Maïly', 10.5, 1, 'Maïly', 'd3a3c101936b93dbf9eb710e611c2cf58c806137', 60),
(95, 'Ray', 'Chloé', 11.7, 2, 'Chloé', '1f6ae7aaf57c91eff8b09946b2fdf0abd67ac2cf', 80),
(96, 'Ruiz', 'Frédérique', 12, 2, 'Frédérique', '6c201efaf928c4db315bee1e4002a646d5714f13', 40),
(97, 'Fox', 'Laurélie', 9.7, 0, 'Laurélie', '9d9859ef101e69d0b68952447676060a3591dc47', 0),
(98, 'Sanders', 'Mélina', 8.2, 0, 'Mélina', '9ae17b153a32567d1646caa8c4010174c30ac349', 0),
(99, 'Young', 'Zhì', 13.8, 4, 'Zhì', '0200320ae3bc247e747ef93e3259bc29ddf53392', 80),
(100, 'Young', 'Chloé', 13.1, 4, 'Chloé', 'b124524c4b1ade45d1deecbcdef614fadb3ec205', 80),
(101, 'Ward', 'Séréna', 14.2, 5, 'Séréna', '551220deeb362077f5df356bdebaf94f34f93f0c', 100),
(102, 'Campbell', 'Zoé', 9.1, 0, 'Zoé', '7c9fe6831f52e30e0ede4f8c54fd9bba673e8d8b', 0),
(103, 'Lynch', 'Lyséa', 13.2, 4, 'Lyséa', 'e0837d45b42d05c84938a39fde34641ff3bc328d', 80),
(104, 'Andrews', 'Fèi', 16.3, 7, 'Fèi', 'a6990ed96e2c5acac92acdcc3f83ba4e2893ad76', 140),
(105, 'Wallace', 'Ruì', 15.7, 6, 'Ruì', '7cb3f42379df52fb7c22a44c27399c3177bd99d2', 140),
(106, 'Phillips', 'Publicité', 16.7, 7, 'Publicité', '9b42c60dfb2b5a8e1c588b0ec793752aa4f299f3', 140),
(107, 'Clark', 'Faîtes', 13.6, 4, 'Faîtes', 'fee8346a5a401a9c314846811346613d2ddf998c', 80),
(108, 'Porter', 'Vérane', 11.9, 2, 'Vérane', '282c0a20f0520a152c89d8c0489426c0668ca495', 110),
(109, 'Lane', 'Marie-françoise', 8.9, 0, 'Marie-françoise', '2f70e239c7a5d80384275be451075e4cb7125e9e', 0),
(110, 'Morales', 'Desirée', 11.1, 2, 'Desirée', '533958a2148aa8a3466fa3a8340d51e28294f41d', 40),
(111, 'Fuller', 'Yú', 13.8, 4, 'Yú', '011c945f30ce2cbafc452f39840f025693339c42', 80),
(112, 'Richards', 'Valérie', 9, 0, 'Valérie', '7161a2409087e392cf68559ddac9f1b64b07510c', 0),
(113, 'Banks', 'Magdalène', 10.6, 1, 'Magdalène', '3ca192bd7558780793444f73366c58d60c9d7775', 40),
(114, 'Hayes', 'Athéna', 13.1, 4, 'Athéna', '870f1bf229da5eb26e5e5a7c1d69d9451fa7906a', 80),
(115, 'Bryant', 'Rébecca', 13.8, 4, 'Rébecca', '04b69e5006d308a60f286c6d87138324d3c745c6', 80),
(116, 'Mills', 'Néhémie', 16.9, 7, 'Néhémie', '259fe583ddd64df1efa6b2cbf7a1afae427cfa5d', 190),
(117, 'Bennett', 'Jú', 13.2, 4, 'Jú', 'e6ba73dc9533e190c71bfc3877414870457f1533', 80),
(118, 'Robinson', 'Thérèsa', 11.8, 2, 'Thérèsa', 'fbaacb960902382e4f6c96f2d8f225c24eecadb4', 140),
(119, 'Knight', 'Yú', 15.1, 6, 'Yú', 'cedf5ccd8253fb636743d0248d10bcc0f11c8edf', 125),
(120, 'Johnston', 'Dà', 12.2, 3, 'Dà', '1592af7e76a7114b4f9beea0be4746f59ada13a6', 60),
(121, 'Woods', 'Sélène', 15.1, 6, 'Sélène', '784e9240155834852dff458a730cceb50229df32', 120),
(122, 'Reyes', 'Miléna', 15.5, 6, 'Miléna', '00fd4b4549a1094aae926ef62e9dbd3cdcc2e456', 120),
(123, 'Oliver', 'Irène', 13.1, 4, 'Irène', 'cf7579954ba3792f6a40044c32f28fb62b10863f', 80),
(124, 'Day', 'Faîtes', 10.5, 1, 'Faîtes', 'ff33a8f10515011cba0d191ae58f7f9a4dd7a3e1', 20),
(125, 'James', 'Pål', 10, 0, 'Pål', '5bbd5046c9b461ca6f1549f3f39c240a9c5702f9', 0),
(126, 'Simmons', 'Zhì', 14.8, 5, 'Zhì', 'e83f7664870c1105727dd99353d0bfa01b2450b5', 100),
(127, 'Perry', 'Eléonore', 16.6, 7, 'Eléonore', '2e5a616a2cb3b91852eafe6c9f29c186cc2efd2e', 140),
(128, 'Reyes', 'Ráo', 11.4, 2, 'Ráo', 'f0a3865870d476fd2019497ce810af59b1f3581b', 105),
(129, 'Stone', 'Almérinda', 8.1, 0, 'Almérinda', '6a08d626bc555a03f727670d5b358610a093cfb5', 0),
(130, 'Stone', 'Åsa', 16.1, 7, 'Åsa', '54164c3db2c5171b138c809d3cbe7a6637c31cbf', 190),
(131, 'Young', 'Cloé', 12.9, 3, 'Cloé', 'eeb8f1dbcd3eedab645d5ab893d199d494579bf3', 60),
(132, 'Russell', 'Océane', 9.7, 0, 'Océane', '081be7c370bf9e7b4c6e696276c1b2d57623b26b', 0),
(133, 'Flores', 'Clémentine', 13.2, 4, 'Clémentine', '91d5e6728240dd7edc866732c15a56a934cf0a97', 80),
(134, 'Franklin', 'Lauréna', 16.3, 7, 'Lauréna', '23e24d90c6975b633f20329226281e642e52ab03', 180),
(135, 'Thomas', 'Marie-ève', 13.3, 4, 'Marie-ève', 'ad5955c8503631249178de05628e1434aad35af0', 80),
(136, 'Rodriguez', 'Maëlyss', 11.3, 2, 'Maëlyss', '3aec82c18ccca37a61500a2c658e353667387d9d', 40),
(137, 'Long', 'Bécassine', 14.7, 5, 'Bécassine', '4b3dd95e69e77efeaa3844fd6f6f6ffc5c3bd3f1', 100),
(138, 'Ramos', 'Inès', 13.5, 4, 'Inès', '071819749594ed380380dca6aed0f24e25cc9269', 80),
(139, 'Williams', 'Mén', 16, 6, 'Mén', 'c6d28f73737fec3883c5b4cebe30bfe12bbe4bf4', 120),
(140, 'Lane', 'Edmée', 14.3, 5, 'Edmée', '715e82fa3b623c04f4eb343985dbbe7555a0be99', 100),
(141, 'Meyer', 'Lyséa', 10.7, 1, 'Lyséa', '5378c3d8a9417d31d1abdb3da9ffb909420656eb', 20),
(142, 'Austin', 'Françoise', 15.1, 6, 'Françoise', '619b7f2c7440776e5362a04735de28763ff332d8', 165),
(143, 'Foster', 'Bérénice', 9.2, 0, 'Bérénice', 'bc4d45844d467b9fbd27dcd0b41fe52d229884c3', 0),
(144, 'Olson', 'Yè', 8.7, 0, 'Yè', '4b19229e380e9ca29673fdb967fd09cdcf4b5b44', 0),
(145, 'Brown', 'Bérengère', 8.2, 0, 'Bérengère', 'be69557045e8d95f6c5bc62bea729b2e4bc50a7c', 0),
(146, 'Owens', 'Maëly', 14.8, 5, 'Maëly', 'b25b748a59d8b6b5b5ae3e9d985289e795c874ed', 100),
(147, 'Olson', 'Anaël', 15.2, 6, 'Anaël', '0104cf3b45056589309effd4d0889e430018b490', 120),
(148, 'Spencer', 'Kallisté', 13.4, 4, 'Kallisté', '3c457ce18c2e37a4437e0201076ad638367ef0ea', 80),
(149, 'Cooper', 'Bérénice', 8, 0, 'Bérénice', '0f23eb04fa3d66bce3cb03de0629ac1b4fd32bbb', 0),
(150, 'Henderson', 'Märta', 10.6, 1, 'Märta', 'e9a20a4af61c91b0232679bc583058b278fb2926', 20),
(151, 'Watkins', 'Bérangère', 16.7, 7, 'Bérangère', 'ca59bcd3da4daac52f3fcfdc0ab963f65cf421bc', 160),
(152, 'Perkins', 'Yáo', 13.5, 4, 'Yáo', '827ac818d422f57b93682a8478afa2d4f026513d', 80),
(153, 'Little', 'Miléna', 14.9, 5, 'Miléna', 'd27c5a6872d7c57d29ef416866e2aa92eae10018', 100),
(154, 'Carroll', 'Lyséa', 8.8, 0, 'Lyséa', '93e35532e8c27da7267d6a073da0d909da11a4ed', 0),
(155, 'Barnes', 'Miléna', 15.8, 6, 'Miléna', '1955bfd4523499c91e72d5c446d0d74cccaa5275', 125),
(156, 'Peters', 'Bénédicte', 16.3, 7, 'Bénédicte', '54f9c5db018042c5624c67dc1de588c11164e3ac', 140),
(157, 'Anderson', 'Publicité', 8.2, 0, 'Publicité', '30b601f0cbe127b082649fe6fcd93fa86c798107', 0),
(158, 'Phillips', 'Angélique', 11.5, 2, 'Angélique', '9bd7909ea32c89f68e82ed0cbe1f30a2e1d72b1c', 40),
(159, 'Greene', 'Maïwenn', 10.3, 1, 'Maïwenn', '0fb0a8a62cbe899f9c109e5ccf6d5f3b35e33f38', 60),
(160, 'Carpenter', 'Eugénie', 12.6, 3, 'Eugénie', 'dc1e5e97b303462f6c9a009994f17fb83d9f7624', 60),
(161, 'Banks', 'Marie-françoise', 9.8, 0, 'Marie-françoise', '25c65868b540200530fe4d75eb95a9a92c0c76ce', 0),
(162, 'Robinson', 'Laurélie', 14, 4, 'Laurélie', '4080612570be15e797c5dae4449e556f77faa2fa', 80),
(163, 'Roberts', 'Lucrèce', 12.5, 3, 'Lucrèce', '736cca45634b541786a2049311bc717ecbd88d60', 80),
(164, 'Hill', 'Yáo', 13, 4, 'Yáo', '31e32558fdf2acfa6e47afefa271580600d36202', 80),
(165, 'Hunter', 'Frédérique', 11.3, 2, 'Frédérique', '4a4ab45448022f0c738fe9e310148ea1eb7f856b', 140),
(166, 'Andrews', 'Maëly', 11.8, 2, 'Maëly', 'dc5a02ad7c6cc4b77e93dc175800619e7e684464', 40),
(167, 'Smith', 'Angèle', 10.9, 1, 'Angèle', 'f8997252c6e5ae3d950b736e1a81160a2e937a7f', 20),
(168, 'Nguyen', 'Esbjörn', 14.4, 5, 'Esbjörn', '1ff73fddc94ef96b107787b28b5a5c931b3c761b', 100),
(169, 'Diaz', 'Desirée', 11.3, 2, 'Desirée', '720280228d832ca4d96e5fd013bddb398998d000', 40),
(170, 'Pierce', 'Publicité', 11.6, 2, 'Publicité', '1c90b882d4ac9c7d95d597bd8b37e3bfa36aec00', 90),
(171, 'Berry', 'Lorène', 12.4, 3, 'Lorène', 'aa0e9f704b12a27af259750f79b22f99efdb68c5', 120),
(172, 'Castillo', 'Solène', 12.4, 3, 'Solène', 'e41c8fd8d6da74a91fc96008280baea77725b5a7', 60),
(173, 'Vasquez', 'Céline', 15.1, 6, 'Céline', 'a739eb585292be58c99962fd287acafb1a459b72', 120),
(174, 'Robinson', 'Maïlys', 12.1, 3, 'Maïlys', 'be98fbb5fef1a2a7ce8be317fcbce6b1912024c3', 80),
(175, 'Watkins', 'Desirée', 10.1, 1, 'Desirée', '566ee6d19fef04459d959b08349d6c07b3a309a2', 20),
(176, 'Cooper', 'Intéressant', 14, 4, 'Intéressant', 'a8f3809c6de28975c83009f6e2911b81f95e5b5a', 80),
(177, 'Morrison', 'Maëline', 11.1, 2, 'Maëline', 'b7553c6080f116f0115b1f080e03484b98292d8b', 40),
(178, 'Dunn', 'Aloïs', 12.5, 3, 'Aloïs', '64784bedd53258d0152783e812438f26f69da48c', 100),
(179, 'Thomas', 'Léonie', 12.8, 3, 'Léonie', '4f2b344c5268b61fb41f14c640aeaf89bb7ae6d7', 60),
(180, 'Bradley', 'Pò', 13, 4, 'Pò', '5527e76c85e5b71c6defa5f0099519b1d67b4627', 80),
(181, 'Rodriguez', 'Estée', 16.9, 7, 'Estée', '3c4840cf1e3a9541b48135f0467d4846df6e2781', 140),
(182, 'Johnson', 'Pélagie', 11.1, 2, 'Pélagie', '1eb904b6d0c2a41af59e2d1fdd0e10624d94c81a', 80),
(183, 'Reynolds', 'Laurélie', 13.1, 4, 'Laurélie', '599e9ef3575ae3622fe4bc5b1b01c3705a7e848c', 80),
(184, 'Payne', 'Pò', 9.2, 0, 'Pò', '4f221ee9a76b15f3f2737e7344ca4453902fb586', 0),
(185, 'Brown', 'Maïlis', 11.5, 2, 'Maïlis', '02ef6a4d5e9b6440ee4513baf40746cb8e872fe4', 40),
(186, 'Murray', 'Gérald', 12.5, 3, 'Gérald', '3ac0b1284201deeda8488a82e2b9b8c11e5d51b4', 60),
(187, 'Hamilton', 'Maï', 15.5, 6, 'Maï', '709c7dbb3799c8cc779706c907513661df268cbc', 235),
(188, 'Nguyen', 'Régine', 8.3, 0, 'Régine', 'de81d9d9c77a733524fab8bcc691f1ebd5a69f6e', 0),
(189, 'Garrett', 'Angélique', 15.3, 6, 'Angélique', 'fdc01209f90eda589f0453b7e29e0114923ecd8b', 120),
(190, 'Hawkins', 'Salomé', 16.6, 7, 'Salomé', '87a58831a3f052f220a9e6dff87a7cad0d1052ab', 195),
(191, 'Reynolds', 'Laurène', 8.5, 0, 'Laurène', '906063f00d2555893e5c32e9249ae185ae689a7b', 0),
(192, 'Murphy', 'Séréna', 14.5, 5, 'Séréna', '0aec17ce3bff113e1c7c16e9d9dcaf90bf590974', 100),
(193, 'Sims', 'Edmée', 9.9, 0, 'Edmée', '8350495d0f4c30922ea04e171519892a303ea929', 0),
(194, 'Holmes', 'Görel', 12.7, 3, 'Görel', '83ec73d69436a58d7bd6ba448a17c1aa22d950c8', 60),
(195, 'Pierce', 'Amélie', 16.4, 7, 'Amélie', 'd79dfd7857cc923493f1d7e34186cf7e04ec9d41', 140),
(196, 'Fowler', 'Åslög', 16.9, 7, 'Åslög', '316b44139a9742cfca5f9c640c47f008f6b73c1b', 140),
(197, 'Bowman', 'Eléonore', 11.3, 2, 'Eléonore', '80658c64f144849de7740bf64d7ca5a88ef951b6', 85),
(198, 'Montgomery', 'Yénora', 10.7, 1, 'Yénora', '3b928622f8479780e1593e188d5315edb7d6f786', 40),
(199, 'Martin', 'Sélène', 13.9, 4, 'Sélène', '4b7af5bd2d1026517f203f379e660fe2337a3e33', 80),
(200, 'Wallace', 'Yáo', 13.8, 4, 'Yáo', '73ee4958bdb5a056029ebd39b8abbaa3dbc0f333', 80),
(201, 'Young', 'Cloé', 10.2, 1, 'Cloé', '88308d640f3031b16b0e9c4663716c0cb7169e50', 40),
(202, 'Stone', 'Naëlle', 16.6, 7, 'Naëlle', 'b17f4787f2799f2665e5f119fc2f47d569212c4c', 140),
(203, 'Cunningham', 'Mélodie', 12.5, 3, 'Mélodie', '3744112af469898c7603fbe21d80b5b5640a34b5', 140),
(204, 'Palmer', 'Loïca', 15.8, 6, 'Loïca', '78ae9f6e6a12a1af3c5a87f0f649f73aa2b4c7be', 120),
(205, 'Johnson', 'Judicaël', 10.5, 1, 'Judicaël', 'b74e9cad775d997fc742b45e1ba7bd5295d63d13', 25),
(206, 'Austin', 'Hélèna', 13.2, 4, 'Hélèna', '8334918da76533b5c14f235f374e327c95035aa3', 80),
(207, 'Stone', 'Mégane', 14.3, 5, 'Mégane', 'd0a54d25d6d76d15daa175979eda75cd9fd411b3', 100),
(208, 'Rivera', 'Lài', 9.6, 0, 'Lài', '898d99d62e92c4485fff43391cec7c59e4fe7d12', 0),
(209, 'Kelley', 'Måns', 9.9, 0, 'Måns', 'b1d2e166d988e74123924d7bff9cd30a63aff067', 0),
(210, 'Hamilton', 'Torbjörn', 11.1, 2, 'Torbjörn', '7c7b84eeaec18233e982d101637ab2a4033c6fb0', 40),
(211, 'Reed', 'Estée', 8.1, 0, 'Estée', '17e89c359872f5659b5d7892ba8e52821c93eef3', 0),
(212, 'Wagner', 'Lóng', 8.5, 0, 'Lóng', '618dcdfb0cd9ae4481164961c4796dd8e3930c8d', 0),
(213, 'Gordon', 'Mà', 9.2, 0, 'Mà', '09cad82f43c6fcf04357b175cdf4763a3daf9a89', 0),
(214, 'Ellis', 'Marylène', 12.8, 3, 'Marylène', 'fe025dc13e5c9ab0d0625cae795d5cb0a0444b1d', 60),
(215, 'Chapman', 'Rébecca', 9.1, 0, 'Rébecca', '3f15b9957ade0433fc133bede90851e29476e9b9', 0),
(216, 'Olson', 'Görel', 12.8, 3, 'Görel', 'e816958259e39339ddc56994e959aa56ef874f92', 60),
(217, 'Hunt', 'Tú', 14.1, 5, 'Tú', '76fbdd2b2ea23e13a5b1dbcf7900b3d92134f3a1', 105),
(218, 'Gilbert', 'Estée', 16.5, 7, 'Estée', '7f1426a678c0021bbbf19eb1d7d6353054809224', 140),
(219, 'Boyd', 'Stévina', 12.4, 3, 'Stévina', '15d1ee116284b85e5de3e00564518367fe994de7', 60),
(220, 'Hernandez', 'Cunégonde', 8.3, 0, 'Cunégonde', '7173e41e4de7a780906fada68a682817c8803ed2', 0),
(221, 'Grant', 'Noëlla', 16.7, 7, 'Noëlla', '22a366e578fc19525be71b6b3013ef8cc5cb1a74', 140),
(222, 'Ramos', 'Eléa', 14.6, 5, 'Eléa', '5aab0703d8e504fd68b829dcfed270c59f51e23f', 100),
(223, 'Torres', 'Méline', 8.5, 0, 'Méline', '297beb01dd21c5a2aad009da6abb91d4bc0fdc6d', 0),
(224, 'Shaw', 'Gisèle', 12.8, 3, 'Gisèle', '4fd505f8aeed956f068c4ce57bfc30a6131b7c79', 80),
(225, 'Young', 'Clémentine', 8.6, 0, 'Clémentine', '1d32238496df5ae1c9e06aa818f82ca7fac99cd1', 0),
(226, 'Stevens', 'Joséphine', 16.2, 7, 'Joséphine', '59e221a4758b17362bdeae901c5a8f58057468b2', 180),
(227, 'Tucker', 'Maëlyss', 14.3, 5, 'Maëlyss', '29f4d7bd70c46fd3b021272cb02151499cc6fda1', 150),
(228, 'Lee', 'Loïs', 13.7, 4, 'Loïs', '2a94b50a655ce6b38f78ca33a4b95e39f0521b89', 80),
(229, 'Graham', 'Bérengère', 12.8, 3, 'Bérengère', '430d53392925e841ef2daa3c47dadd8de98241f0', 60),
(230, 'Woods', 'Josée', 12.1, 3, 'Josée', '6a62415b43a0268f38f117f076dce135705d7895', 60),
(231, 'Wright', 'Estève', 9.1, 0, 'Estève', 'c348c1794df04a0473a11234389e74a236833822', 0),
(232, 'Lane', 'Ráo', 15.6, 6, 'Ráo', 'd6a9450dc08555d6ecfaf7162e5267f401e6dd9a', 220),
(233, 'Medina', 'Bérangère', 8.6, 0, 'Bérangère', '416f8f6e105370e7b9d0fd983141f00b613477f8', 0),
(234, 'Henderson', 'Loïca', 16.5, 7, 'Loïca', '7110eda4d09e062aa5e4a390b0a572ac0d2c0220', 140),
(235, 'Bailey', 'Marie-josée', 11.3, 2, 'Marie-josée', 'ac1ab23d6288711be64a25bf13432baf1e60b2bd', 60),
(236, 'Romero', 'Amélie', 13.8, 4, 'Amélie', '229be39e04f960e46d8a64cadc8b4534e6bfc364', 200),
(237, 'Sanchez', 'Léane', 9.2, 0, 'Léane', '757578fbf23ffa4d748e0800dd7c424a46feb0cc', 0),
(238, 'Weaver', 'Maïly', 11.9, 2, 'Maïly', 'b5507c7ca8cfa4c51b7c97843e5e4525ed1ad06d', 40),
(239, 'Hunt', 'Illustrée', 11.3, 2, 'Illustrée', 'c60d81f35d8be966fa0437e43f1feff777c6e121', 40),
(240, 'Roberts', 'Marie-ève', 9.5, 0, 'Marie-ève', '042338d46c2028808f298dec735dc7adf0c162f6', 0),
(241, 'Harper', 'Håkan', 9.7, 0, 'Håkan', '435dda8afaef821117a4a9cf02f7eba39c920f12', 0),
(242, 'Spencer', 'Gösta', 8.9, 0, 'Gösta', 'beebbcfb1d05a761dcc753bd9ba606039b817ff4', 0),
(243, 'Austin', 'Hélèna', 10, 0, 'Hélèna', '6fd599b68b363c01a1296645da4305d3313ebb3f', 0),
(244, 'Peters', 'Nélie', 17, 8, 'Nélie', '89ca91e6c9b28bdcfb629b12758f955d21072594', 160),
(245, 'Ruiz', 'Wá', 14.3, 5, 'Wá', 'f350d780ea8aaa48030b4db64f790c14dbcd757f', 145),
(246, 'Wilson', 'Anaëlle', 11.5, 2, 'Anaëlle', '26ced0b5ea2b6f3c8b1e5090a6cdbdfae5a6f853', 60),
(247, 'Freeman', 'Bérengère', 8.5, 0, 'Bérengère', '36dff9576bef9ee98bab32687c12cc9dc6536114', 0),
(248, 'Mills', 'Renée', 16.2, 7, 'Renée', 'e114de9e4c8a8b219bb3452d9eaf7754f354c56e', 140),
(249, 'Ray', 'Miléna', 13.8, 4, 'Miléna', '9d8682d322963f3eae2b50d1df0e64d5f5ce1def', 85),
(250, 'Gonzales', 'Médiamass', 10.2, 1, 'Médiamass', '67de6a669490f0e6bf9d405ba4c66a2cd17cc2ff', 20),
(251, 'Wells', 'Anaëlle', 12.3, 3, 'Anaëlle', '8ce2f7cdc27d512a28746db1e8895650f9355602', 60),
(252, 'Andrews', 'Eliès', 8.3, 0, 'Eliès', 'f6d046a7eeb1146f8b1e81aba2dd61fb74655db0', 0),
(253, 'Wood', 'Néhémie', 14.6, 5, 'Néhémie', '2c61422714bcb5935215adf442a8f5b1d80ffc54', 100),
(254, 'Garrett', 'Aimée', 16.8, 7, 'Aimée', '0d467c11c1f788a43266782aac388b66b0f22551', 140),
(255, 'Dixon', 'Bécassine', 13.8, 4, 'Bécassine', 'cc6f6ede7b271915dba0f43119e441804a648724', 80),
(256, 'Garrett', 'Marie-noël', 16.7, 7, 'Marie-noël', '0735ec301b2987daad452d62c34b0884de674e46', 140),
(257, 'Sullivan', 'Aurélie', 14.4, 5, 'Aurélie', 'e6602176f26dd0c5fb721fded265ec8570f686e7', 120),
(258, 'Diaz', 'Kù', 14.8, 5, 'Kù', 'cc7b8755a2a153285a26a7568c30b88a27217f0f', 100),
(259, 'George', 'Stéphanie', 9.6, 0, 'Stéphanie', '8625b37cd2002510d8a44bf30088560f7ced9eed', 0),
(260, 'Sanchez', 'Hélèna', 9.7, 0, 'Hélèna', '98f59d0c790f1ae9d5c7f8f7b9f189f093d69c55', 0),
(261, 'Mcdonald', 'Ruì', 13, 4, 'Ruì', 'c6944467da0c65a08c39bb5a0314cc143936eaa3', 160),
(262, 'Duncan', 'Pò', 9.1, 0, 'Pò', '6ef79c21dd35ea505e11d0c6673b8a2588fa650b', 0),
(263, 'Wood', 'Yénora', 10.3, 1, 'Yénora', 'fe8b2aaad2ebed9cbbae764ae380780b276ec292', 20),
(264, 'Cruz', 'Agnès', 15.5, 6, 'Agnès', '74bfac88ec6b72e7c070a86c73a8f953ff99937d', 120),
(265, 'Bell', 'Åsa', 11.6, 2, 'Åsa', '74b10c057ded94dc2c9821f38a1096fbc9b3c2f9', 40),
(266, 'Marshall', 'Desirée', 11.5, 2, 'Desirée', '57440b8079f1f30c079bbc3fd0c68f6f2b79e938', 40),
(267, 'Martinez', 'Pélagie', 14.7, 5, 'Pélagie', '7340ca224c5c8d2b89562159a4d81d9225a20e65', 100),
(268, 'Parker', 'Geneviève', 12.3, 3, 'Geneviève', '9304739c29a855af7ddb1cfc420cb7cf57726e00', 65),
(269, 'Foster', 'Dafnée', 16.9, 7, 'Dafnée', 'ad7bda08a65f123eb4f5091d80ae8ca9339aee6e', 140),
(270, 'Snyder', 'Mélia', 11.4, 2, 'Mélia', 'd3eff7c2f16a30f8d386687baae68065fe019b6a', 65),
(271, 'Morrison', 'Mårten', 12.5, 3, 'Mårten', '6df29a0769e84af53cc4f71a6017fcf41ad0148d', 60),
(272, 'Daniels', 'Bénédicte', 9, 0, 'Bénédicte', '603fe594bd047c7051f43c2f429e18af68ca7d25', 0),
(273, 'Martin', 'Zoé', 10, 0, 'Zoé', '8cc9fcd9fdbef641b5d23f4a80588138107a1f1b', 5),
(274, 'Murray', 'Mélissandre', 13, 4, 'Mélissandre', 'bf5ce6bca1837184b86a1fb332edb735665ca1ed', 80),
(275, 'Young', 'Jú', 8.6, 0, 'Jú', '1b5ee1d2a2b9255241a8d9f103c453640d7bc477', 0),
(276, 'Grant', 'Thérèsa', 16.9, 7, 'Thérèsa', 'd74a123791c30d807f7cb512416368b3489dbac5', 140),
(277, 'Hall', 'Séverine', 10.3, 1, 'Séverine', '06610fa060e114f26ad7660390d7d9864e0095d8', 20),
(278, 'Price', 'Rachèle', 10.5, 1, 'Rachèle', 'a1eb7ce1b3132d269f15acd9c978c481c9389506', 20),
(279, 'Richards', 'Mà', 12.6, 3, 'Mà', '9fd21ec59a17b645ade7b1e56da753bd45e19a2c', 100),
(280, 'Kim', 'Loïc', 12.4, 3, 'Loïc', '9a6b59da46371d86eb75259c956aee4b580c0119', 60),
(281, 'Gibson', 'Maï', 16.1, 7, 'Maï', '634de0a75896238bfd3f5886f6062f00da3d0b56', 140),
(282, 'Warren', 'Félicie', 12.5, 3, 'Félicie', 'b0203282b4e6a5ceeeb4e9b59dea288dd545f6e4', 60),
(283, 'Mason', 'Maïté', 16.9, 7, 'Maïté', 'b615fddf029f3e87e4d1f314a489ddca0cbf50de', 190),
(284, 'Jacobs', 'Illustrée', 15.7, 6, 'Illustrée', 'c5c15732584ed2820db3720243a42ca22f624d80', 120),
(285, 'Washington', 'Zhì', 13.3, 4, 'Zhì', 'd4e1aca5dd0e4965a2a66e1256e5b25a346a759b', 85),
(286, 'Morris', 'Valérie', 10.3, 1, 'Valérie', '91b92669ecf0fa9c6e550fd5fd76c31b5c969f57', 20),
(287, 'Day', 'Noëlla', 13.3, 4, 'Noëlla', '8c12d571138fce48a15ab55d1234f359312ea78f', 80),
(288, 'Castillo', 'Léonie', 8.8, 0, 'Léonie', 'a2f3223b9316b2deb98d412205119ecc7cff4e54', 0),
(289, 'Knight', 'Lorène', 13.4, 4, 'Lorène', 'e90e88c880e48e96024e634381ba1ad4888e72e0', 80),
(290, 'Romero', 'Adélaïde', 16, 6, 'Adélaïde', 'a9e76f7f478c7be32c80f3bb0b7cc06e002d25bb', 140),
(291, 'Mendoza', 'Lyséa', 13.4, 4, 'Lyséa', '721cea13f72d4344db0900ea626b082e2b90f88d', 80),
(292, 'Walker', 'Adélaïde', 12.6, 3, 'Adélaïde', '8dad097d5f7a5d13b0723f5465cbef6fe2a2f244', 100),
(293, 'Gonzales', 'Lèi', 11.4, 2, 'Lèi', 'bbd10f0f88f298fe0ae1d706e0600149c59adb04', 40),
(294, 'Stone', 'Célestine', 9.2, 0, 'Célestine', '6077ad2b372d5a152de8191d73e3e4480c620035', 0),
(295, 'Dunn', 'Françoise', 12.3, 3, 'Françoise', 'b3ad32a369754ee7acf23c5370ccf5b401604a78', 60),
(296, 'Snyder', 'Yáo', 10.4, 1, 'Yáo', '64c84e952453cd25d3097c7cfb8ba8178a0d109f', 40),
(297, 'Reyes', 'Aloïs', 8.4, 0, 'Aloïs', '9d65c4a27a601e62a599f3059159476cd76933a4', 0),
(298, 'Morales', 'Adélaïde', 11, 2, 'Adélaïde', 'ed6938a0e411bb8e626dd202a335ef167a382a6c', 40),
(299, 'Ramos', 'Naëlle', 11.1, 2, 'Naëlle', '51da62a4d7c1afef718ccc35f07551f2bb3879f2', 40),
(300, 'Torres', 'Nuó', 13.3, 4, 'Nuó', '6341e003520bc779c996d2490305a597ff45a8ae', 80),
(301, 'Fox', 'Lóng', 8.4, 0, 'Lóng', '055550dad2fd7bb5aee434f17ca74ca072982ac1', 0),
(302, 'Murphy', 'Mélinda', 8.6, 0, 'Mélinda', 'e59277abb9129d7f9d5a1990c49e7d29654a857e', 0),
(303, 'Snyder', 'Håkan', 10.4, 1, 'Håkan', '3fc863d5ebe3f2a780c3d0acb17f37294d4fd0a2', 25),
(304, 'Nelson', 'Léone', 11.2, 2, 'Léone', 'eba90709ed04eb27e4a042727d7dd308e44389e4', 40),
(305, 'Powell', 'Vérane', 14.3, 5, 'Vérane', '6dd367bb38ab6306c4913a15392fd8131fbca403', 100),
(306, 'Ellis', 'Gösta', 16.8, 7, 'Gösta', 'f148ceee33a52e839b0dfea3393bf0a507d46855', 265),
(307, 'Gray', 'Maëlla', 12.3, 3, 'Maëlla', '40b4efaaa821a3b5b1282b8c60e1b82c3b05baae', 140),
(308, 'Allen', 'Marie-noël', 12.3, 3, 'Marie-noël', '72a13254fd4075afc60cbc5a7ad2a70066999fef', 60),
(309, 'Meyer', 'Pò', 9.9, 0, 'Pò', 'c0a117eea10d8f6bcef0d75f59157b6c33ebf591', 0),
(310, 'Garcia', 'Célia', 11.3, 2, 'Célia', '9147343d9851d9a4727fab30d6594b416109e55a', 40),
(311, 'Chapman', 'Athéna', 13, 4, 'Athéna', '604cef8bcda23730df21feda765b26cd969af88e', 80),
(312, 'Little', 'Kù', 14.8, 5, 'Kù', '6a0129d59aa4967c0627c4c0803ae1a9a49f6ddd', 140),
(313, 'Murray', 'Néhémie', 10, 0, 'Néhémie', '23b36ea4f70670ae377a591fdc03d36a9bebb481', 0),
(314, 'Hunter', 'Maëlann', 14.6, 5, 'Maëlann', '209cbd7df48248f976f6dd4817b07c208e0730a2', 140),
(315, 'Franklin', 'Léa', 10.7, 1, 'Léa', 'a3625f643c5dfb9c0cee12e29c57fe264fbd4fef', 60),
(316, 'Martin', 'Léone', 14, 4, 'Léone', '6439568bfd104c0e9baab0c665a53866c8ae220e', 80),
(317, 'Grant', 'Renée', 10.8, 1, 'Renée', '487f7249133f47e44b4a80cf2a0cbad298b56967', 40),
(318, 'Gray', 'Nuó', 8.4, 0, 'Nuó', 'ff9bb9f4c63520a6d11f97c33b576438879f887f', 0),
(319, 'Bennett', 'Görel', 11.1, 2, 'Görel', '619683db9ef9d4649743ee1deddb3923d6e5f704', 40),
(320, 'Hansen', 'Célia', 15.6, 6, 'Célia', 'baf253b20f891347a7f8122930309b27db1e3835', 120),
(321, 'Reed', 'Estève', 8.9, 0, 'Estève', 'f395e7bb4ad6667889ab23a6a1fbc1888db09b67', 0),
(322, 'Morgan', 'Adèle', 10.6, 1, 'Adèle', '1bf6592ecf317c9cd6f92bab901b7ac5dd6fa2af', 20),
(323, 'Gray', 'Cloé', 15.8, 6, 'Cloé', '85749e85b601375fbd6d6cfaf6694e582e08d0e6', 120),
(324, 'Dean', 'Bérangère', 11.4, 2, 'Bérangère', 'f3341dbcdda605b1601524b0d01655750cc60e0d', 80),
(325, 'Wallace', 'Cléa', 14.4, 5, 'Cléa', '7fcdb7ba6de74b6e007efe1079540e0228817d26', 100),
(326, 'Fowler', 'Loïca', 8.6, 0, 'Loïca', 'ee3ef93429aba64bd0e6f7a0af8299e6416ceea4', 0),
(327, 'King', 'Cléopatre', 16.7, 7, 'Cléopatre', 'c30635fb61378918ac1a7c5feb2a819a5a6bcfac', 140),
(328, 'Castillo', 'Inès', 14.8, 5, 'Inès', '7f8ee84f4cf599be71dc87a7eecacf740c7f12b7', 100),
(329, 'Reid', 'Bérangère', 12.6, 3, 'Bérangère', '8f723119a7842320b2bc984b04d2a76808e8ebd7', 60),
(330, 'Franklin', 'Miléna', 14.1, 5, 'Miléna', '37d89723e7d94e8f2c213f09507236fbc7563096', 120),
(331, 'Henderson', 'Adélaïde', 11.7, 2, 'Adélaïde', '8322f586c69aaaec73b86b416ab8cbb4ef1f1ff2', 40),
(332, 'Carroll', 'Yè', 11.2, 2, 'Yè', '3e9459d66b2bf63a0f4cfddc2b117a444bcd6a95', 40),
(333, 'Greene', 'Eloïse', 11.3, 2, 'Eloïse', 'aee6e7cba08370f8e346c2a6268372c40be71fb7', 40),
(334, 'Torres', 'Clémence', 12, 2, 'Clémence', '2d97d80f5af467caf6a638d16c539634e7b1b7a1', 40),
(335, 'Bailey', 'Léana', 11.5, 2, 'Léana', '0fe7ee75207aab55ebd41036f1da1b4e5fbe5b8f', 40),
(336, 'Walker', 'Lauréna', 16, 6, 'Lauréna', '34c643598eab0fe1bc1726e196c36057904dda13', 120),
(337, 'Richards', 'Maëline', 9.3, 0, 'Maëline', '77ba9cd915c8e359d9733edcfe9c61e5aca92afb', 0),
(338, 'James', 'Lài', 16, 6, 'Lài', 'f881b44b0c8b0ace5bc97cf6066fda86c2af6e18', 120),
(339, 'Jenkins', 'Léone', 14.2, 5, 'Léone', '9521e2bcc9c0de945ccf68b52345097002b66ba5', 100),
(340, 'Ferguson', 'Mélys', 13.6, 4, 'Mélys', '2ba733e086e7c2f98b3a193782146ad21060c051', 80),
(341, 'Oliver', 'Aurélie', 15.7, 6, 'Aurélie', '0ccc9bc1bb63ccc1f2123272def4a1963c2b60e5', 120),
(342, 'Watkins', 'Sélène', 16.9, 7, 'Sélène', 'f3b179855165123b24e5b2b8386dca1d7bca247f', 220),
(343, 'Stephens', 'Mélissandre', 13.6, 4, 'Mélissandre', 'ed9f6e93628b252a0175477aeffa3c7508338438', 80),
(344, 'Olson', 'Renée', 8, 0, 'Renée', 'bf106f603f5a1ca065cb9438fb4eae247d89aef3', 0),
(345, 'Fields', 'Táng', 14.6, 5, 'Táng', 'f6219aea49987dc3046c2e75553782f638a4359d', 100),
(346, 'Ruiz', 'Naéva', 15.8, 6, 'Naéva', '5696e9751f4efba59f560dbbb0975629a20e0aa1', 125),
(347, 'Hunter', 'Méline', 13.7, 4, 'Méline', '952b1d3c000dd8b840ad03461f71c71a0cb83086', 80),
(348, 'Hanson', 'Maïly', 8.7, 0, 'Maïly', '9c320bc8499977b59b1c72b878b055ea494dd320', 0),
(349, 'Hudson', 'Loïca', 10.2, 1, 'Loïca', '4226003e26a92067e27ee9f019588d57f46d98cc', 20),
(350, 'Peterson', 'Mà', 12.3, 3, 'Mà', 'b01f67adb17354737d273b0cae8d36366b08af91', 60),
(351, 'Romero', 'Maï', 13.8, 4, 'Maï', '0311e1791c1fe92ecd3215fa0472bce6bf2b252d', 80),
(352, 'Gibson', 'Yè', 12.9, 3, 'Yè', 'fbd5c4e21f715ae152acdd465b3e5bcf3077d0fd', 60),
(353, 'Price', 'Wá', 14.5, 5, 'Wá', '301f839b74b67350b1bdc01050369aec1f36e0d2', 200),
(354, 'Harvey', 'Marylène', 9.7, 0, 'Marylène', '397d13d9aee3ce3572a22022f4c50cf8553a668a', 0),
(355, 'Patterson', 'Léonie', 14, 4, 'Léonie', '73121a89c6113b175ee083b001a5175876d2b470', 120),
(356, 'Meyer', 'Kallisté', 16.1, 7, 'Kallisté', '2b80090196fbbd61985ea7f2fc5c2f6aa4e1f134', 180),
(357, 'Palmer', 'Anaïs', 13.6, 4, 'Anaïs', '69dd0d17085451edc7a356c689407429fc6cea46', 80),
(358, 'Reid', 'Athéna', 14.6, 5, 'Athéna', 'c28dc1fe18f79267567f68702332aceb8a847953', 100),
(359, 'Sanchez', 'Märta', 12.9, 3, 'Märta', 'cccfd063b99f899232d571d89d3f832308c0d0bc', 60),
(360, 'Cooper', 'Laurène', 12.3, 3, 'Laurène', '87277d4685e66d0f85b9a13ed48c9253d5bc8fb0', 80),
(361, 'Carpenter', 'Josée', 12.8, 3, 'Josée', '2b8c5c3d26a90dd3ae49b5001f6c2d3139bb6fc8', 60),
(362, 'Rodriguez', 'Eliès', 10.7, 1, 'Eliès', 'f3bb9560a2532e0409bc8ff3fb0572b3537ca0ec', 20),
(363, 'Wallace', 'Gösta', 13.3, 4, 'Gösta', 'c18557ded94f94dc63cbcec520f2feeb823c4e3d', 80),
(364, 'Vasquez', 'Ophélie', 9.7, 0, 'Ophélie', '6afb24de207d2e6952ba43f0e5b20bcdf0596ce5', 0),
(365, 'Vasquez', 'Eugénie', 9.2, 0, 'Eugénie', 'd7c9518a46a3cadce5d9ddd36d2a64ef6c30a0b8', 0),
(366, 'Matthews', 'Hélène', 12.6, 3, 'Hélène', 'f29fa043b3ea6e599c8a224b6e6a13ce3c9c9191', 85),
(367, 'Diaz', 'Naëlle', 14.2, 5, 'Naëlle', '4fd8bfb78d5291eb809d0beab33acf4ae505e1df', 135),
(368, 'Harvey', 'Lauréna', 8.5, 0, 'Lauréna', '570722b44ec7003126d686b70703051e72ff7408', 0),
(369, 'Duncan', 'Loïca', 15.8, 6, 'Loïca', '45b2afb1f1cf4d14987ce1dfb6dfb52281d8d288', 120),
(370, 'Spencer', 'Yè', 9.3, 0, 'Yè', 'c11226c53fc4c8033c2bf2eda91a1fb4029365dc', 0),
(371, 'Hanson', 'Méthode', 17, 8, 'Méthode', 'fd5a768e47ca87449299d0544f4325c4e2b34388', 160),
(372, 'Franklin', 'Táng', 13.3, 4, 'Táng', 'f506761568d2f26ec5e68443a6aaae857f8311a6', 80),
(373, 'Washington', 'Joséphine', 13.9, 4, 'Joséphine', 'c1401c9a808e0d25cd8afa853c36032ffaca83cb', 80),
(374, 'Garza', 'Maëlle', 11.1, 2, 'Maëlle', 'f7a682f3b85c16bc3e49029ea2b32d6e5808d587', 40),
(375, 'Matthews', 'Rébecca', 8.8, 0, 'Rébecca', '1a6ed0dc68e3f1cd3cd47d4705074648d62dbb36', 0),
(376, 'Mason', 'Intéressant', 16.8, 7, 'Intéressant', '698a530c17d16e6b641fbc682e22db29f72782af', 140),
(377, 'Knight', 'Gaétane', 12.3, 3, 'Gaétane', '9185ac5453c7c4ef45a8df15bf471dfbbcf628da', 85),
(378, 'Hudson', 'Mà', 8.4, 0, 'Mà', '56cfa95a090e34f485359a055dfc3bb8b6a9c820', 0),
(379, 'Banks', 'Lóng', 13.3, 4, 'Lóng', '85fd66c7749e88c463dc95e6098772b2532ec065', 80),
(380, 'Barnes', 'Tán', 10.7, 1, 'Tán', 'b5883dc5a6e6b2ff4594aa6ca86cf5739a5ab5e2', 80),
(381, 'Wright', 'Zoé', 9.8, 0, 'Zoé', 'feef930093fe07af383a9b8a7c02d0547d6f3f1e', 0),
(382, 'Wilson', 'Cloé', 8.1, 0, 'Cloé', 'c0f00c7e9572eb3f65756c0d2214d3e6192a8f83', 0),
(383, 'Oliver', 'Gösta', 14.3, 5, 'Gösta', '95b6b92a51dfce3be7bf3bd8f8bc90e70445d645', 100),
(384, 'King', 'Annotés', 8.7, 0, 'Annotés', '58907516874aa70188525b2518faf0e285fd821a', 0),
(385, 'Brooks', 'Maëlle', 9.1, 0, 'Maëlle', 'a7ddd391b75ebf78821c49f97dec245d2f39d816', 0),
(386, 'Austin', 'Eléonore', 11.6, 2, 'Eléonore', '278bdab57253765b3ab458a7d9295abf2f42ffb6', 65),
(387, 'Cooper', 'Adélaïde', 15.9, 6, 'Adélaïde', '8caef7cfd1f24143d5b7f7048b4c1301a29ec767', 120),
(388, 'Castillo', 'Angèle', 10.3, 1, 'Angèle', '55b3e95b981cc5c1c430e9114425358b64e45d85', 45),
(389, 'Jacobs', 'Anaëlle', 9.4, 0, 'Anaëlle', '0b9c57db4f740e08a9a314c9428fc5e7addff232', 0),
(390, 'Torres', 'Eugénie', 10, 0, 'Eugénie', '1a5270e66ed4ca6b0227a4ebf6a959157221262b', 0),
(391, 'Romero', 'Pål', 13.1, 4, 'Pål', '749fa825d1f9d8e78bd2495940f92586c04ef35a', 120),
(392, 'Young', 'Marie-noël', 15, 6, 'Marie-noël', '1e768a21723e530122240fa219bff8c3365f40b2', 120),
(393, 'Hansen', 'Mélanie', 15.1, 6, 'Mélanie', '44fda320f16c8b2ef198c0000449f9c3cca1d126', 160),
(394, 'Peterson', 'Pélagie', 13.5, 4, 'Pélagie', '509f6ccbc5a85a0d07f32bff32186163ba8301b8', 110),
(395, 'Ryan', 'Léandre', 8.2, 0, 'Léandre', '64bed117196c2624f38bb8da114684eeb96ff68a', 0),
(396, 'Chapman', 'Adélaïde', 8.3, 0, 'Adélaïde', 'e5cb99e93e3a3839e702691c45d6cc28ffcabf9e', 0),
(397, 'Cooper', 'Mélissandre', 14, 4, 'Mélissandre', '184509be0d68cb4100a91be110003c769d7f6ea1', 80),
(398, 'Graham', 'Kévina', 13, 4, 'Kévina', 'ee02c29275e85aedd7d971820672ce0454733b81', 80),
(399, 'Brown', 'Maïté', 14.7, 5, 'Maïté', '87b2eb969f96afe3b467215f279262e98c868d27', 120),
(400, 'Bennett', 'Clémence', 9.8, 0, 'Clémence', '6f34a3e0e1af181e8a78e70c146682b7ead12846', 0),
(401, 'Gardner', 'Maëly', 8.4, 0, 'Maëly', 'e4b5a2b01ee1b51b2d17a165855b43c142d822c4', 0),
(402, 'Gonzalez', 'Irène', 11.1, 2, 'Irène', '929d4b9dcc22eaa58c8e7d9895b5ac0e901a220c', 90),
(403, 'Elliott', 'Publicité', 8.5, 0, 'Publicité', '84cbb8cb3aaa7a5a5f98ab30b5b0c948cca74f93', 0),
(404, 'Sanchez', 'Salomé', 10.5, 1, 'Salomé', 'b9b31b56d8b82c95acf0f300853d587c81b0ebc0', 20),
(405, 'Harper', 'Maëly', 12.6, 3, 'Maëly', '3a85d2178d036673a374a5acab7da4de0361b6e8', 60),
(406, 'Tucker', 'Marylène', 8.9, 0, 'Marylène', '21ff0c98f5fd5754371c16c4cc6ac33571e2735c', 0),
(407, 'Fields', 'Athéna', 12, 2, 'Athéna', '9ebd73c45a1f7ac5c0cc48cd226748fc95464ed1', 40),
(408, 'Gilbert', 'Rachèle', 12.9, 3, 'Rachèle', '0d87fbcb22b5f8b076a822ce143e0d0be02892d9', 60),
(409, 'Hughes', 'Méthode', 14.1, 5, 'Méthode', '62634625ada7c706b0be053ed4469260300d5658', 100),
(410, 'Carpenter', 'Réservés', 9.8, 0, 'Réservés', '8d93c9b0486a80bc7b6909df5440d0c190eccd4e', 0),
(411, 'Martinez', 'Illustrée', 8.2, 0, 'Illustrée', '4a7c9f93e2417187f814079e6c47a3271aaa7b93', 0),
(412, 'Spencer', 'Alizée', 13, 4, 'Alizée', 'e918c0b5ec0d3599cc2bbda9dc7bbbdf23816ce0', 85),
(413, 'Holmes', 'Béatrice', 9.3, 0, 'Béatrice', 'cf39da87bbef9b83a039ae289a2dcb8a93bf1814', 0),
(414, 'Henderson', 'Agnès', 9.2, 0, 'Agnès', 'fbce66f99c809283638f344ecb3d50674ea64189', 0),
(415, 'Campbell', 'Anaëlle', 14.8, 5, 'Anaëlle', 'b54681f4b90af40d60f07266f34978535f8ca8c2', 140),
(416, 'Arnold', 'Angélique', 11.8, 2, 'Angélique', '7197aab2aa1010716c7ac34668ce1efa0a6647ce', 40),
(417, 'Wood', 'Clémentine', 8.7, 0, 'Clémentine', '6adb922fa7a3b56cfcbd0bef18b3939c46cc213b', 0),
(418, 'Crawford', 'Lauréna', 10.8, 1, 'Lauréna', 'e3ed3963c28fe4011dd0b237997fb0214a0fb8d5', 20),
(419, 'Matthews', 'Kuí', 12.2, 3, 'Kuí', '632047e5b2a712a7707f6b28ac722b1e706f1589', 60),
(420, 'Watson', 'Fèi', 8.6, 0, 'Fèi', '85cfa318728dba9c487d5dcf160b1c243a50401f', 0),
(421, 'Woods', 'Lauréna', 14.8, 5, 'Lauréna', '5427674f55437297c338deadbb57ec839b5a6ddd', 140),
(422, 'Gordon', 'Léone', 12.4, 3, 'Léone', 'bd19c901c9edbb4009e66d9d0671450a524a4c78', 85),
(423, 'Kim', 'Pénélope', 11.4, 2, 'Pénélope', 'f94ad4f1c2806cbb1269483ec338538beb996af8', 40),
(424, 'Greene', 'Pål', 13.3, 4, 'Pål', 'b9add70531519c256186579d20bc7cec509b4bd3', 80),
(425, 'Wright', 'Gösta', 12.4, 3, 'Gösta', 'c46908d2d41f34d665e249864e018badd8be32fd', 60),
(426, 'Ortiz', 'Maïlys', 9.3, 0, 'Maïlys', '8e3c07a198efa67e51a01f3ab800663a57ea6e50', 0),
(427, 'Cox', 'Dù', 12.9, 3, 'Dù', '177dd4c6c9043d42ad86c6af3277184f5bbe96fc', 60),
(428, 'Scott', 'Mélanie', 16.1, 7, 'Mélanie', 'b72d0c4cbff9cfa94406481206390e0c4326ffe4', 160),
(429, 'Shaw', 'Marie-thérèse', 9.2, 0, 'Marie-thérèse', '7801beec42debaaec0d7be9359c61e8a766bd071', 0),
(430, 'Kim', 'Océane', 9.8, 0, 'Océane', '5f5a68e72217ce4c8a341a1b3bcdb5edfa8411f4', 0),
(431, 'Vasquez', 'Gérald', 10.2, 1, 'Gérald', 'cebf555886eaf921b47b20ad0acb32e85273e624', 70),
(432, 'Montgomery', 'Intéressant', 8.8, 0, 'Intéressant', 'd69729e9779952a73e8ef1e71858b08a92a0fa8b', 0),
(433, 'Weaver', 'Nuó', 16.4, 7, 'Nuó', '27858a0672afdadfff64d26877b49f4f5a9d2471', 140),
(434, 'Bradley', 'Bérengère', 15.9, 6, 'Bérengère', 'b0eab7a122205823e6a462917b0b2ff48d77c1c5', 160),
(435, 'Gibson', 'Vénus', 12.3, 3, 'Vénus', '5a2119b6e178e1c71de65562c5240acaed86ae67', 60),
(436, 'Bennett', 'Anaïs', 9.3, 0, 'Anaïs', '60a171842aba075b01813e69a7c065db36cdae6f', 0),
(437, 'Moore', 'Cléopatre', 12.9, 3, 'Cléopatre', '6371a5630b9dc4ebd3cd2b721357f87eee6c5f0c', 60),
(438, 'Carter', 'Judicaël', 10.6, 1, 'Judicaël', '9449672fef19ba0f9e744f5e7355c5e1400b5504', 20),
(439, 'West', 'Desirée', 8.3, 0, 'Desirée', '5c9b7d46fd8d929eb59c92fe99248fadc16b8d2f', 0),
(440, 'Mills', 'Cléa', 14.8, 5, 'Cléa', '3c5174b71d24aa217f93fc1b7439c1ee25e11556', 100),
(441, 'White', 'Valérie', 15.6, 6, 'Valérie', '21ea6bfcae8bed1a4c7bc3d18f8d5f250d1e78c2', 160),
(442, 'Turner', 'Ophélie', 10.3, 1, 'Ophélie', '39588ffe5f5b48e4a673ab2b19f166f480cc7ec8', 20),
(443, 'Matthews', 'Agnès', 15.7, 6, 'Agnès', '3b8be1ddb4d49fc85d469a4ae81ba0d8fec52157', 120),
(444, 'Carr', 'Méryl', 10.2, 1, 'Méryl', 'ee176776f84a8e7eb91c3560943535558748ab9e', 40),
(445, 'Bradley', 'Léandre', 12.3, 3, 'Léandre', 'b8509b02cc4c001875e9fcb20f3c7c0df970b5a0', 60),
(446, 'Mccoy', 'Dorothée', 14.1, 5, 'Dorothée', 'c2760ee848bba2ea6d6bb779057fb2545f7a0825', 100),
(447, 'Sanchez', 'Crééz', 14, 4, 'Crééz', 'b4a28ddbae199fa52875d0ae24fcc43da1506407', 80),
(448, 'Graham', 'Fèi', 10.5, 1, 'Fèi', 'ecbc54904eb7fe332c5764cbefeee200527ff160', 20),
(449, 'Payne', 'Faîtes', 11.2, 2, 'Faîtes', '0ae5e6b6663e3882cde21f6f71dba9baf5ab9786', 40),
(450, 'Wilson', 'Estée', 12.1, 3, 'Estée', '49820f6fd5c388c563f6beaef5585a2ad3dc8413', 60),
(451, 'Kelly', 'Cléa', 13.8, 4, 'Cléa', '6f75179a226fff9856a84f6b4ae3e2c6aaa86a74', 85),
(452, 'Kelly', 'Stévina', 11.9, 2, 'Stévina', 'fe5fe4af3281ec07715498f052a7350c26c151c0', 60),
(453, 'Scott', 'Aí', 9, 0, 'Aí', '19ec4dad2e6cf9800798960cbc6401b1e962e39d', 0),
(454, 'Chavez', 'Aí', 12.5, 3, 'Aí', '2613c67184db5b2f46b8f8277465ae5bf985821a', 140),
(455, 'Welch', 'Marie-josée', 8.7, 0, 'Marie-josée', 'ff3d3275e74dcbac2d970eea9ad779212cadda17', 0),
(456, 'Turner', 'Aimée', 15.2, 6, 'Aimée', '3cd969896e49a6d3326acf33f0c2d8cc38b0d06a', 120),
(457, 'Reid', 'Styrbjörn', 8.3, 0, 'Styrbjörn', '3e997b2dba11df9b67d2f6d85b1f3c3ba2753f45', 0),
(458, 'Jenkins', 'Marie-thérèse', 11.1, 2, 'Marie-thérèse', '06b43948ef431b5fadea95a968e2db037428f1d3', 45),
(459, 'Gutierrez', 'Cinéma', 9, 0, 'Cinéma', '8babd6f75e605848d34c8fef353c14b64b502e6a', 0),
(460, 'Brown', 'Marie-ève', 11.8, 2, 'Marie-ève', '6e0312072ad7e48b470123802c90755c690b7644', 40),
(461, 'Cox', 'Mélinda', 11.8, 2, 'Mélinda', '8b4078f9f76081a0c3ce5db983aa4f340ecd7531', 75),
(462, 'Jacobs', 'Måns', 13.2, 4, 'Måns', '4e09628da925a6d474f1700841b7fdba51d53090', 80),
(463, 'Mccoy', 'Maïlys', 9.3, 0, 'Maïlys', 'fae120307794af3766ea7c64b70700f66e540456', 0),
(464, 'Reynolds', 'Estève', 12.4, 3, 'Estève', '655030540aed981b558d2f880b20cca6217d24e6', 60),
(465, 'Clark', 'Vénus', 14.5, 5, 'Vénus', '4240b033f5f22c9a9cab56bf555f71904b837b54', 100),
(466, 'Graham', 'Méline', 8.5, 0, 'Méline', '6124feb79623c94ce6ed9edd1595cfe9a90b470c', 0),
(467, 'Hunt', 'Marie-josée', 8.8, 0, 'Marie-josée', 'dd68e246ab85c71494243afefd589d2abb6e6d62', 0),
(468, 'Murphy', 'Joséphine', 9.5, 0, 'Joséphine', '742f0a1ef06d6bdc8c856b05b3ad8839e2a27ba7', 0),
(469, 'Henry', 'Garçon', 12.1, 3, 'Garçon', '38165af29ab1e2d307f60404ec6c2db11e51c84e', 65),
(470, 'Thompson', 'Gisèle', 8.8, 0, 'Gisèle', '2e8d241fa2ca9957d1b8fab2a3d479f07a2c963b', 0),
(471, 'Ramos', 'Léonie', 10.6, 1, 'Léonie', 'a4a9258269029f3e083c5992498f66e8df216b50', 20),
(472, 'Washington', 'Maëly', 8.5, 0, 'Maëly', '9d3e25533e3322d6248f322cc879f8307421807f', 0),
(473, 'Nguyen', 'Gérald', 11.1, 2, 'Gérald', '442bdc9a0e80132c626a3605e010b8fb0ee0c1f6', 40),
(474, 'Hernandez', 'Åsa', 11, 2, 'Åsa', 'fcd8b5b9ecb89e65d56504f6f6cfe82eed26887e', 60),
(475, 'Howell', 'Yénora', 13.4, 4, 'Yénora', 'e74f0f1f0934fe0ab10af864e8ea13c69913a897', 220),
(476, 'Gomez', 'Maëlys', 14.2, 5, 'Maëlys', '0a8fd3e9944c54c4399a005554dcc4f33405a363', 100),
(477, 'Gilbert', 'Dorothée', 9.6, 0, 'Dorothée', '7c8d848f32fa1c53815556ee08aa8ee5994c5a51', 0),
(478, 'Hansen', 'Clémence', 11.5, 2, 'Clémence', '6bb0e3b82a69a2bdf7139d17eeb5f79818b92a4d', 80),
(479, 'Kennedy', 'Håkan', 12.1, 3, 'Håkan', 'c1183f16ab610230ebe8a9bcb331d2d6f7ebbf66', 210),
(480, 'Hunter', 'Agnès', 8.7, 0, 'Agnès', '818307e00b8ddd4f8f671d975f099a1adf3b6149', 0),
(481, 'Oliver', 'Illustrée', 10.9, 1, 'Illustrée', '7bf016f5b104573db99f54a0715d7f0fdf7705f4', 20),
(482, 'Fuller', 'Séverine', 15.4, 6, 'Séverine', '4a8785cc9f1b1064951b1aaef4810da59820e6ed', 120),
(483, 'Hart', 'Estève', 15.1, 6, 'Estève', 'b35c0cd294cd10748019833cafa625fc33487065', 120),
(484, 'Chavez', 'Dà', 10, 0, 'Dà', '158a66682da61df5f2115c2fc8c8328e6c837b05', 0),
(485, 'Rose', 'Léone', 13.8, 4, 'Léone', '537337c8d4656d862c12e79427c9232b5b7d803e', 130),
(486, 'Harrison', 'Zhì', 11.2, 2, 'Zhì', '89606b3e6179739f7ed413b20dd9583b33fa9e75', 80),
(487, 'Gray', 'Tán', 13.5, 4, 'Tán', 'a7e22a900323a761815e81b9b310ba8652841557', 85),
(488, 'Gutierrez', 'Géraldine', 10.6, 1, 'Géraldine', '62f6479a5eca39725798b1ee300bd8d5de3a4ae3', 20),
(489, 'Gonzalez', 'Styrbjörn', 15.1, 6, 'Styrbjörn', '04754785b32160c5787f32875f2dc730c10cbbcb', 120),
(490, 'Wood', 'Crééz', 15.7, 6, 'Crééz', '0fa6bca242ccb96697e8de570882c6b38746591a', 120),
(491, 'Lawrence', 'Aloïs', 9.4, 0, 'Aloïs', '41db62481aeb978fd13f591755b596ff0616be70', 0),
(492, 'Matthews', 'Valérie', 10.5, 1, 'Valérie', '5f89685f47c1d42eff25dd4ed40967b36b1a9c30', 20),
(493, 'Mason', 'Vérane', 11, 2, 'Vérane', 'bb7e0878197e923c50408c8cccedb73e9630a7f8', 40),
(494, 'Frazier', 'Loïca', 9.4, 0, 'Loïca', '81887888a933d677e0835125eff02194202ae6b8', 0),
(495, 'Hudson', 'Yè', 13.6, 4, 'Yè', 'b957056dd8ad16f1f46ca090727df5828d933758', 85),
(496, 'Burke', 'Gaïa', 11.2, 2, 'Gaïa', 'e9c340478ebb17ed024e217d7013275de0fabf8a', 40),
(497, 'Oliver', 'Marie-ève', 9.2, 0, 'Marie-ève', '9bc8d5789d9a97e335bc3a1700b281325cb59f12', 0),
(498, 'Fernandez', 'Séréna', 15.3, 6, 'Séréna', '896c6bf7832944df18c8d5db55b839de023073c5', 120),
(499, 'Long', 'Yénora', 15.1, 6, 'Yénora', '37585335691c5a6647266cf0d14de500031ffb07', 185),
(500, 'Reynolds', 'Maïlys', 11, 2, 'Maïlys', '7841fb1f92b99194ca818d410cb09430731b6285', 60),
(501, 'Young', 'Miléna', 15.5, 6, 'Miléna', '0e55c1a2d589c70e5cfe4c2ecdb1ccd2607aa44f', 120),
(502, 'Patterson', 'Bérengère', 10.1, 1, 'Bérengère', '1044690fb7396009f731d125bd18e634fd77ad28', 20),
(503, 'Lynch', 'Bécassine', 8.8, 0, 'Bécassine', 'e6cfa8e4a054b888d7a80898d1a7092aa631a302', 0),
(504, 'Burns', 'Marie-françoise', 16.3, 7, 'Marie-françoise', 'cf9e834770ba6c82d76e63220ee31818c4752951', 145),
(505, 'Parker', 'Intéressant', 11.7, 2, 'Intéressant', '9492dfa1e0a89d7e4fab574112c048faf6ef87b3', 40),
(506, 'Hunter', 'Maëlys', 12.1, 3, 'Maëlys', '9e0a916215d99196f44821dfc348c2843ee5b5a7', 90),
(507, 'Bishop', 'Tú', 8.1, 0, 'Tú', 'e9f98fd4d7497768938df13d71e28986e24b7e91', 0),
(508, 'Mccoy', 'Aimée', 11.3, 2, 'Aimée', '22551a9973af629f3bad54011643c5df123dd408', 40),
(509, 'Cruz', 'Maïté', 9.6, 0, 'Maïté', 'ea2cc4f43528792dd726473df61a0a9ddb13952f', 0),
(510, 'Anderson', 'Daphnée', 13.4, 4, 'Daphnée', '9a6aa8b8b6919d3b97d0f40c9eda85f5523c7dd2', 80),
(511, 'Clark', 'Athéna', 10.1, 1, 'Athéna', '810bd2adca8109e71a0fa4995bb7a965fd8d905a', 20),
(512, 'Marshall', 'Audréanne', 8.4, 0, 'Audréanne', '443233bf934850484d12f21d9603a36ee83d1dfb', 0),
(513, 'Owens', 'Håkan', 15.9, 6, 'Håkan', '5e540d008531ea36696020361b9ea6561f1f5307', 120),
(514, 'Lewis', 'Océane', 14.6, 5, 'Océane', 'db8dc2b7a3bb754178d96fe9b4e434d0c017825b', 100),
(515, 'Warren', 'Kévina', 16.8, 7, 'Kévina', '7581f9f7cb4e2c129cf3994be96f620fca5eb4c0', 165),
(516, 'Brown', 'Maïly', 11.1, 2, 'Maïly', '635c86e575ed2ca9cf4bca9b0dce0c5fc99df7d0', 40),
(517, 'Adams', 'Andrée', 11.2, 2, 'Andrée', '42e12cb7198394beb558db2dc1f1a862366e1045', 40),
(518, 'Oliver', 'Judicaël', 8.1, 0, 'Judicaël', 'c8ec393b52a33555bfca80d15909f59f2d09d0cb', 0),
(519, 'Day', 'Rébecca', 9.6, 0, 'Rébecca', 'b43f3811ec0a7d607f7e654ec866167acb42336b', 0),
(520, 'Flores', 'Eléa', 13, 4, 'Eléa', '5748e8895723a0da63d2bc75b935735a9c0d9699', 80),
(521, 'Peterson', 'Naëlle', 14.2, 5, 'Naëlle', '3ea77f23ba3301129b3fc06daf1ee04ecd559293', 100),
(522, 'Austin', 'Pénélope', 11.1, 2, 'Pénélope', 'c718aa30a6ff882b7087ce4f1567e335ea77186e', 65),
(523, 'Harper', 'Wá', 9.9, 0, 'Wá', 'd077ba37b8c977b50b81aeb238f7aa4d7d5a8646', 0),
(524, 'Banks', 'Yè', 10, 0, 'Yè', '4458c79edc062c4d846a5bc0617561909ea8d106', 5),
(525, 'Gardner', 'Adélie', 9.9, 0, 'Adélie', '77bf3f680d135c03c5a0f017e13016d0a4785bb9', 0),
(526, 'Bryant', 'Estève', 12.5, 3, 'Estève', '87496e984d6e0cc5d47f38cf3076e21af2bd4815', 60),
(527, 'Stanley', 'Maëlle', 8.6, 0, 'Maëlle', '301eaf56af1c4d75326e4d40eeea8153a89ce7f5', 0),
(528, 'Oliver', 'Tú', 10.9, 1, 'Tú', 'f73ea162f0ed315f3d7f8e2c79a2a4144091a128', 20),
(529, 'Elliott', 'Gaétane', 11.6, 2, 'Gaétane', '375f9609c9962cce0ad6ccaaabd80362ecd2b07f', 40),
(530, 'Clark', 'Nadège', 9, 0, 'Nadège', '0ad54e429b2b6238550f24701541130b978e4640', 0);
INSERT INTO `etudiant` (`num_etudiant`, `nom_etudiant`, `prenom_etudiant`, `moyenne_etudiant`, `num_niveau`, `identifiant`, `mot_de_passe`, `nb_points_total`) VALUES
(531, 'Butler', 'Mélinda', 14.2, 5, 'Mélinda', 'a7d3048f93d82e2e3dd337ea701ef07704939a3b', 100),
(532, 'Reynolds', 'Agnès', 16.6, 7, 'Agnès', '00b4a051351b585e1f29ffce2b7ff5d29d629966', 140),
(533, 'Spencer', 'Hélène', 16.7, 7, 'Hélène', '59c1c577a1380a9058d9cf86db4e0aea6a314988', 140),
(534, 'Larson', 'Eloïse', 11.6, 2, 'Eloïse', '1d23c8edf135106a57d7f1694d9c2c7eb67cc326', 40),
(535, 'Cooper', 'Måns', 9.3, 0, 'Måns', '64738e27dc960ebdc22143dd8ea4b16b74029c8a', 0),
(536, 'Rice', 'Mylène', 15.1, 6, 'Mylène', '2c8041adcd90153af5180e4c18e22c3b161c25e8', 140),
(537, 'Bennett', 'Åke', 12.3, 3, 'Åke', 'ad896e3ecf46771003093f24b88cd72af2225023', 60),
(538, 'Arnold', 'Bérangère', 9.1, 0, 'Bérangère', 'aff60c26ab00f0ad980af68c68a926fa11795ef9', 0),
(539, 'Scott', 'Mà', 15.3, 6, 'Mà', '464f9d1621f0799f4c4b7a2e884b21e4be81d222', 120),
(540, 'Young', 'Anaëlle', 9.7, 0, 'Anaëlle', '0de7f57bd4db22d7e4a43004aea93b1f0a484259', 0),
(541, 'Owens', 'Nuó', 10.2, 1, 'Nuó', 'd05785002742a30502dde3731b28883334e46040', 120),
(542, 'Chapman', 'Aimée', 14.7, 5, 'Aimée', '731df0fc93417f72fcb56f09cd754f9382ae6373', 100),
(543, 'Cunningham', 'Méryl', 16.7, 7, 'Méryl', '8959169251e7394bcf4b9004326f83e266a06bfb', 190),
(544, 'Hawkins', 'Gaëlle', 12.4, 3, 'Gaëlle', 'a867de00c711504a6b5e881693b5c34e9f0599c5', 60),
(545, 'Nelson', 'Maëline', 14.4, 5, 'Maëline', 'fc27fbae8511b00b820da34fd107d27b11a72855', 100),
(546, 'Day', 'Thérèsa', 16.7, 7, 'Thérèsa', 'bcceeba1e77189d6a3938f29437de543a18024fb', 165),
(547, 'Gardner', 'Marie-noël', 9.4, 0, 'Marie-noël', '03f1c15a222d8e288e3eeda35ae04ebc1f7f6526', 0),
(548, 'Gomez', 'Séréna', 12, 2, 'Séréna', 'a575bcefdc7a11dec7302ce66652db242e7931ea', 45),
(549, 'Marshall', 'Yénora', 10.7, 1, 'Yénora', '41e842e76e8ea73f910aac95ea1ac9f0707643b2', 20),
(550, 'Schmidt', 'Sòng', 10.8, 1, 'Sòng', '3c8101acb51e8f51363933e63bfb9106ec64d6e4', 120),
(551, 'Sanders', 'Lèi', 16.4, 7, 'Lèi', '00b7858a85fe7328455145a1552e17378e980fe7', 140),
(552, 'Cook', 'Gisèle', 8.7, 0, 'Gisèle', '440f13f2ffe7800ae87431f50edb70aa51e49fde', 0),
(553, 'Martinez', 'Pål', 14.5, 5, 'Pål', 'c78296aa3aa7f4083d9c41486953aded522a1f26', 100),
(554, 'Wheeler', 'Dorothée', 9.4, 0, 'Dorothée', 'ba2e8aa59e4161ee5807078f7226c405fde751a6', 0),
(555, 'Daniels', 'Angélique', 8.1, 0, 'Angélique', '9f7f230b6748530889d6d498ff5f5e2934fdbe69', 0),
(556, 'Martinez', 'Eléa', 10.8, 1, 'Eléa', '7c753b72486156bc11e7416305a9c87ada24439e', 60),
(557, 'Brooks', 'Océane', 13.7, 4, 'Océane', '4969de54a08304d642c196ac05d389bbbb255571', 80),
(558, 'Montgomery', 'Bérengère', 10.6, 1, 'Bérengère', 'ca9e263d07340b8b04eea95e4172ccb3800e773a', 20),
(559, 'Cunningham', 'Méthode', 10.4, 1, 'Méthode', 'f19483c6a9fbacfebff05eb372439d8c0403745f', 20),
(560, 'Coleman', 'Laurélie', 11.6, 2, 'Laurélie', '062dd0f773cd5999a09714a371e1f8017163e2a1', 40),
(561, 'Wright', 'Nélie', 9.9, 0, 'Nélie', '0310477142171b7d67f2a1cd85c90a3b66be9c57', 0),
(562, 'Taylor', 'Séverine', 10.6, 1, 'Séverine', '16d019226888eb13a33c853802b1aa72df6c7ac1', 40),
(563, 'Harrison', 'Cléa', 14.7, 5, 'Cléa', 'a0e3eab3c80118379cb2e1d7b163f82494430e03', 145),
(564, 'Cook', 'Loïca', 10.1, 1, 'Loïca', 'fe286d02f80118de47f2226c2fce9f7be0bc04f0', 70),
(565, 'Roberts', 'Yénora', 10.4, 1, 'Yénora', 'c04038a9efd402b01f5733a5df5e0248d29a1ad8', 20),
(566, 'Grant', 'Gaëlle', 13.6, 4, 'Gaëlle', '150afba2f606bf3e450d7dbfba16c6673580cb77', 120),
(567, 'Nichols', 'Réservés', 16.1, 7, 'Réservés', '541f30554e2caa245dbe67fc4a03cb8c01a23c1a', 175),
(568, 'Myers', 'Mà', 8.7, 0, 'Mà', '722a7e9c6dcbb04ed1fffe8d658ea03ce68f8e01', 0),
(569, 'Brown', 'Geneviève', 9.3, 0, 'Geneviève', '4e3bd263528badfae62199b6ac5fbe7cb4e81dec', 0),
(570, 'Flores', 'Mylène', 12.8, 3, 'Mylène', '8eac9d03673ad3fa86c1c815275470ec81580e0a', 80),
(571, 'Berry', 'Ráo', 11, 2, 'Ráo', 'd2fce7d4fae7323ea1b94f177e0a41a42fe0dd09', 40),
(572, 'Williamson', 'Lauréna', 10.1, 1, 'Lauréna', '823b29ffd8dbab9367eddca53376226a17cdc00f', 20),
(573, 'Romero', 'Kévina', 14.7, 5, 'Kévina', '45ca1d224fb0223c3ac72019ec9afe243d11e029', 100),
(574, 'Jackson', 'Adélie', 14.7, 5, 'Adélie', '0dd8e2fe2969e0722430655502c0c0607a5b30be', 100),
(575, 'Rodriguez', 'Maïlys', 13, 4, 'Maïlys', '8639c2e8c44d79a5afaf095aa46f9c9231829b72', 120),
(576, 'Lee', 'Yú', 13.6, 4, 'Yú', '00d77b942e978bcc69980155176ddad9534b4118', 80),
(577, 'Stone', 'Marie-thérèse', 16.3, 7, 'Marie-thérèse', '58cb004c78ad7dd27552600c7c1d525e5797cd1d', 140),
(578, 'West', 'Alizée', 13.8, 4, 'Alizée', '925d1b50cf96fe5447879b4b57ef57c168e4fc34', 80),
(579, 'Garrett', 'Rachèle', 11.9, 2, 'Rachèle', '23d202fb561c67ac5d22ae22f0e595ed35106b02', 45),
(580, 'West', 'Maëlla', 14.4, 5, 'Maëlla', '50058be44bcb8dba457ab29e53b8d4d0ab1af94a', 100),
(581, 'Olson', 'Agnès', 14.7, 5, 'Agnès', '2e6f7cec101464171ebd06503c2a50d6aa5b1e4c', 125),
(582, 'Rivera', 'Sélène', 15.7, 6, 'Sélène', '6b3d34f8fc2796e5d9ef688e0827f7d5c64ded85', 120),
(583, 'Mitchell', 'Pénélope', 12.6, 3, 'Pénélope', '8dc863f4a133deb08253e1f8f60838d804a6dc89', 60),
(584, 'Murphy', 'Stéphanie', 9, 0, 'Stéphanie', '2895698422986359b90f54778c7c4dc271e8fb58', 0),
(585, 'Bradley', 'Chloé', 15.4, 6, 'Chloé', '178116e63a31913ab6da9ab6d92cb510dea7964c', 140),
(586, 'King', 'Méryl', 15.6, 6, 'Méryl', 'a20f01a742a1c4e4a9a79543bcd5388bd2244696', 120),
(587, 'Jenkins', 'Vénus', 16.6, 7, 'Vénus', '8840675b649f219c1d0a37801d4afe0ce6fafae9', 140),
(588, 'Robertson', 'Marie-thérèse', 11, 2, 'Marie-thérèse', '1784f0e37c1fdd6200c1e8b28e8caae5402e74e0', 40),
(589, 'Wallace', 'Bécassine', 8.9, 0, 'Bécassine', 'cdd8b8ab7d8c4ad5c8c0a829f5aa80c2ae7d5fed', 0),
(590, 'Cole', 'Mélanie', 13.1, 4, 'Mélanie', 'e66d35a623d670f416f6080f849b834be5e04d17', 80),
(591, 'Kim', 'Thérèsa', 17, 8, 'Thérèsa', 'b2a3625de074749ed626d2c2fdf5342d7757a850', 160),
(592, 'Romero', 'Réjane', 9.9, 0, 'Réjane', '348e495881ef4526fe8e38dba4ceaa49b829b8b2', 0),
(593, 'Moore', 'Uò', 16.6, 7, 'Uò', 'd60af283b62280a8d737359c8859c0142aaf28c0', 140),
(594, 'Watkins', 'Personnalisée', 12.6, 3, 'Personnalisée', '8b583aa0ac7f15508192f2ea1c56b9a07eb48e38', 60),
(595, 'Mendoza', 'Andrée', 16.4, 7, 'Andrée', '060c7c9aea07bd061c43b93a8d51cc043855d7a3', 195),
(596, 'Williams', 'Crééz', 9.9, 0, 'Crééz', 'ee8abc188469df780d869b862fde433a2327678e', 0),
(597, 'Holmes', 'Lèi', 16.4, 7, 'Lèi', '3738f2650c3885bee794953d56a1e91a5516f93f', 165),
(598, 'Little', 'Naéva', 15.9, 6, 'Naéva', '037880d210451b590c3a5229ea350645724e7e15', 120),
(599, 'Knight', 'Géraldine', 12.7, 3, 'Géraldine', '568138fb951d9f68253812af0f47cbacc3a79c42', 110),
(600, 'Mendoza', 'Bérénice', 11, 2, 'Bérénice', '0c774d8e1e30b273143a93836f845a4d3f44a60f', 80),
(601, 'Andrews', 'Göran', 13.5, 4, 'Göran', 'f161352bf65f5538c0f15d5951d7f07b930d1094', 80),
(602, 'Russell', 'Cléa', 9.2, 0, 'Cléa', '61f348dbfc99215070417b9d49da662cfd0671ef', 0),
(603, 'Kelly', 'Mélanie', 16.4, 7, 'Mélanie', '9ab5e1675014494dc3913b5c300efdee7528c083', 180),
(604, 'Montgomery', 'Dù', 12.8, 3, 'Dù', '422237776eebac1e9ce55eb11b9635704dfe1507', 60),
(605, 'Morrison', 'Maï', 13.1, 4, 'Maï', '2fdd02f8f1222ac5b66ec221c8ff66d62695b11c', 80),
(606, 'Sanchez', 'Örjan', 9.6, 0, 'Örjan', '2121f1b445f6128e8547c4eca7101700248d4c1a', 0),
(607, 'Wheeler', 'Mén', 9.6, 0, 'Mén', '90f919999619a047d963085525bda5642495fbcd', 0),
(608, 'Mills', 'Laïla', 14.2, 5, 'Laïla', 'b08fff87998d20605f134b632cb8fa3398008116', 100),
(609, 'Howell', 'Nélie', 16.5, 7, 'Nélie', 'ead98e0e365d07598a35ba682210564193928571', 140),
(610, 'Webb', 'Sélène', 10.2, 1, 'Sélène', '65ccba0dc0797b93da4d0d0544d00cfcb8d54c4d', 20),
(611, 'Pierce', 'Amélie', 13.2, 4, 'Amélie', 'fc1d7734529e84f8deb77cd00aa8cd80fb71e5e4', 80),
(612, 'West', 'Clémentine', 10.6, 1, 'Clémentine', '93ee12e112bae593edcf7aecca59464c6afcc832', 45),
(613, 'Griffin', 'Léandre', 8.4, 0, 'Léandre', '2a7bcf3804dc71895222bdd5f95e64444ce51654', 0),
(614, 'Simmons', 'Réservés', 8.4, 0, 'Réservés', '23bfd8a26fdeaa0ccf8a0b3f8705506064a99ba0', 0),
(615, 'Gonzalez', 'Intéressant', 11.7, 2, 'Intéressant', 'd56081031c3ba10d08365e73aeb120b3e186291b', 40),
(616, 'Cruz', 'Rébecca', 8.3, 0, 'Rébecca', 'c1766016f621182564fa46f30bac4a76247a6f27', 0),
(617, 'Nelson', 'Agnès', 10.1, 1, 'Agnès', 'a5545296721299579e56c41888bd3b60e9287b43', 20),
(618, 'Lawrence', 'Ruì', 10.9, 1, 'Ruì', 'deccc3d8f76c21f127e400870f9e1ed609090401', 25),
(619, 'Gordon', 'Mårten', 10.8, 1, 'Mårten', '4144a50012a273c9a22b8e634d0ef46fa90835e4', 20),
(620, 'Vasquez', 'Naéva', 16, 6, 'Naéva', '0c16bf9fb72d49c26219b06182a15e919948ef06', 120),
(621, 'Chavez', 'Sòng', 12.2, 3, 'Sòng', '510b67b924c227be10a0d00293f43e588a3bf528', 60),
(622, 'Powell', 'Jú', 9.1, 0, 'Jú', '948b13c7ba369f02fc29d936c124689877023958', 0),
(623, 'Coleman', 'Börje', 11.8, 2, 'Börje', '36510bd9ce04aa49b9028242d6bf2d2a8a60bfa2', 40),
(624, 'Hall', 'Lèi', 16.8, 7, 'Lèi', '337b1b291a6dda67d019670d8d59d7ad727ecb51', 160),
(625, 'Anderson', 'Maëlle', 9.3, 0, 'Maëlle', '818c3ca96b188792670c6a0993baa894e345a689', 0),
(626, 'Reynolds', 'Maëlle', 10.4, 1, 'Maëlle', 'bdf3f54642b2d80f8e87b6474eaaad11ece8058a', 20),
(627, 'Cunningham', 'Uò', 14.4, 5, 'Uò', '3c7bf807f29cfe10e5cf0897570ded86d1e0a174', 100),
(628, 'Castillo', 'Garçon', 13.6, 4, 'Garçon', 'b26ad862c55257cb44c33db294f559908abaaa39', 80),
(629, 'Owens', 'Danièle', 12.2, 3, 'Danièle', 'b338563109f2bf96b41b6f5bb804904277c0ded6', 60),
(630, 'Welch', 'Miléna', 10.3, 1, 'Miléna', 'f754e904dfc75ae544977f3f441a1d1b486392cc', 20),
(631, 'Little', 'Anaé', 8.8, 0, 'Anaé', '5053478148a345fc6440d360a7c3472114e7a350', 0),
(632, 'Nelson', 'Séréna', 14.3, 5, 'Séréna', '793fb87490c33b038af1310868c64bf55928478f', 100),
(633, 'Hayes', 'Cécilia', 16.7, 7, 'Cécilia', '5db69f242f382be567f2b3f31c40e0d8041bb424', 140),
(634, 'Fisher', 'Kallisté', 11.5, 2, 'Kallisté', '85755d7d0254a5e590031354dc5984ffeff70d4d', 40),
(635, 'Welch', 'Erwéi', 8.1, 0, 'Erwéi', 'cf14339b64ccb0eba37255992c8a09be706fff88', 0),
(636, 'Sanchez', 'Séréna', 12.7, 3, 'Séréna', '85d0662ad5825ba33f4259d0d06ac035abac67bf', 80),
(637, 'Weaver', 'Märta', 9.1, 0, 'Märta', '3d4bce24d3e7869a1459fd4cd1bfe131f5ad2a81', 0),
(638, 'Cunningham', 'Léonore', 15.2, 6, 'Léonore', 'db0477132b98737a6964423def574c8f78307501', 120),
(639, 'Hawkins', 'Adélaïde', 12, 2, 'Adélaïde', 'f7b4fcd1404631ab5502b8a9ddc8081637865056', 40),
(640, 'Ramos', 'Ruì', 13.7, 4, 'Ruì', '89d89e5773c4210782aa5783b7dfba5e0af85ccc', 80),
(641, 'Armstrong', 'Jú', 16, 6, 'Jú', 'de35bd727bde53cf940c9cb18a43f4c74e89862d', 120),
(642, 'Hansen', 'Anaé', 15.9, 6, 'Anaé', '9be2e9927da42dffd5b76d4d97d612788a4af305', 120),
(643, 'Hart', 'Mélodie', 8, 0, 'Mélodie', '36d64040f731b093d71a02cec21c74cb4ff122c5', 0),
(644, 'Garcia', 'Michèle', 16.3, 7, 'Michèle', 'cbf641003962d3b22ea5aeb9164c4cff46a13515', 140),
(645, 'Rose', 'Crééz', 11.4, 2, 'Crééz', '637250c78dd38a4e6c7e05c62f9ff2e960a977a0', 140),
(646, 'Watkins', 'Séverine', 12, 2, 'Séverine', 'cc0152ff71fc8243f70c8e8478bd7de2aa387e2c', 40),
(647, 'George', 'Lèi', 15.2, 6, 'Lèi', 'b1d2f044e12dcb7cdd594a29701421711464cede', 145),
(648, 'Harper', 'Maïté', 15.3, 6, 'Maïté', 'fcc78b5fcb5a7d9ea7f3b136af0efd88bc24500b', 120),
(649, 'Schmidt', 'Marie-noël', 12.5, 3, 'Marie-noël', '9d93f8113d6ac60e97d0769efd6f167a812f620b', 60),
(650, 'Morales', 'Naëlle', 9, 0, 'Naëlle', 'f9afc47c733ed36985aa2e66cf879bd48b20e40f', 0),
(651, 'Carr', 'Anaé', 13.2, 4, 'Anaé', '480619ef8900e4598b0c8148ffe0192c0b284f2d', 80),
(652, 'Riley', 'Stéphanie', 12.6, 3, 'Stéphanie', 'ca70ca5f6efd8e48f2b4b75b3bd75a5f8fdb12d5', 60),
(653, 'Brown', 'Fèi', 8.8, 0, 'Fèi', '7a7ea1512bc5014fd1b25ff389938bc75d25315d', 0),
(654, 'Kennedy', 'Cunégonde', 10.5, 1, 'Cunégonde', 'a5d907c1122676441ed98f3c6b33c94e6fb0bb97', 70),
(655, 'Washington', 'Andréa', 15.2, 6, 'Andréa', 'cef239141c378cc0998e5f526985c2d57c535d6c', 140),
(656, 'Bowman', 'Lucrèce', 12.8, 3, 'Lucrèce', '7fd0dc28db1b5252f0aca04247cf21853f772e70', 100),
(657, 'Roberts', 'Océanne', 16.8, 7, 'Océanne', '0cd6982f8295e3dfded2f8869fa56019921be74a', 140),
(658, 'Morales', 'Táng', 11.8, 2, 'Táng', '96e6369f5a57a90fa77a2330b8a418502f294af9', 45),
(659, 'Kennedy', 'Thérèsa', 11.4, 2, 'Thérèsa', '3a0a15b1acfdff78e92c39b5d32d3650e5a284d8', 90),
(660, 'Ortiz', 'Bérénice', 12.9, 3, 'Bérénice', '3fc08852ebb121a140b47072dd019ee0cc842a8e', 100),
(661, 'Stone', 'Inès', 8.1, 0, 'Inès', '5c5a56a1d11d0a2e27797f751519fa1fdaa28e16', 0),
(662, 'Mcdonald', 'Vénus', 11.5, 2, 'Vénus', '5b01d7de5b5820c071031775afc13c629da27c51', 40),
(663, 'Stone', 'Eloïse', 11.3, 2, 'Eloïse', 'd547a6b51b233796a3d762908f82ef3677520663', 90),
(664, 'Reyes', 'Zhì', 13.5, 4, 'Zhì', '776f707e19f39e6b830856a6cdf3aa605a5a283e', 80),
(665, 'Flores', 'Marie-noël', 11.1, 2, 'Marie-noël', 'e4b87a623f049a1d016e86222935f73691fa7a55', 60),
(666, 'Elliott', 'Björn', 12.7, 3, 'Björn', 'caadb19ad59d4c77d722924eb5b27f6dae1b2ad8', 60),
(667, 'Cooper', 'Maëlle', 16.6, 7, 'Maëlle', 'a102c5ce73079c1316e4be26ef13be1e437898a4', 140),
(668, 'Watson', 'Angélique', 14.8, 5, 'Angélique', '4e38023a2f4a0108de215ede5acf1dec70d33adf', 100),
(669, 'Black', 'Angélique', 14.2, 5, 'Angélique', '833e3c6a387a4b786fe37029cb29b175c4ca4eef', 120),
(670, 'Burton', 'Ráo', 15, 6, 'Ráo', '77414e9365b4fa9ec8273893dd82c95a64dc4278', 120),
(671, 'Williams', 'Angélique', 8.2, 0, 'Angélique', '2498f82d9ef95fdbaf6bcd60718da6d0ec842ef9', 0),
(672, 'Lynch', 'Angélique', 10.8, 1, 'Angélique', '05c059570f32bd7b35cbb165072162cda319f63a', 20),
(673, 'Walker', 'Marie-thérèse', 8.1, 0, 'Marie-thérèse', 'ac9cf1d82666b68d9f7d8761209b8690836e5f74', 0),
(674, 'Peters', 'Lèi', 9.1, 0, 'Lèi', '3c20408ccd7caf713249dc193bbab367c439982f', 0),
(675, 'Green', 'Zoé', 16.5, 7, 'Zoé', 'e900ef91797870a3dc9213feb860f307c729e341', 180),
(676, 'Montgomery', 'Eugénie', 10, 0, 'Eugénie', 'e4fb11694cd7bab54173d1d9664eb70b6b6b8a14', 0),
(677, 'Welch', 'Kévina', 11, 2, 'Kévina', 'f6c851b89dddaf2314c44b0b0fd3f7f70784fcbb', 40),
(678, 'Welch', 'Alizée', 10.9, 1, 'Alizée', '504db50882d21b88a1d62f72f7ea7ccab9c77799', 20),
(679, 'Nguyen', 'Cécilia', 13.5, 4, 'Cécilia', '64e89c002d47826fd7e23d43e239e4ee0d583896', 80),
(680, 'Green', 'Mélia', 15.9, 6, 'Mélia', '2664c206999e7419517ee39e177797576a52201b', 120),
(681, 'Jordan', 'Eléonore', 16.4, 7, 'Eléonore', '0c41b5d573de54852d707569acdef231452956b1', 140),
(682, 'West', 'Lyséa', 15.5, 6, 'Lyséa', '544a5ef3b7270812304152163f0749ec895e665c', 125),
(683, 'Armstrong', 'Noémie', 9.5, 0, 'Noémie', '64ff0799c46df444b1554e992807cb15a024846b', 0),
(684, 'Hernandez', 'Léa', 8.9, 0, 'Léa', '388a751a4594df57a123a6dee41a01aeaec1ea85', 0),
(685, 'Harrison', 'Jú', 12.5, 3, 'Jú', 'a0a82ebdd4a855c999b56ce855a244a672dcafff', 80),
(686, 'Ramos', 'Ruì', 8, 0, 'Ruì', 'a9620937b497cee48d5ec618d6045ccffaf65ff5', 0),
(687, 'Fields', 'Gaïa', 10.7, 1, 'Gaïa', 'bda09ba2c0046773a13bfac20bf620d2317adbf6', 20),
(688, 'Henderson', 'Edmée', 9.1, 0, 'Edmée', '8b89a87165fe948dadea6360f33a38d217f3d244', 0),
(689, 'Parker', 'Aimée', 12, 2, 'Aimée', 'db8770342fdf063d3128150901ea357f68bb9001', 40),
(690, 'Ramos', 'Maëlys', 13.9, 4, 'Maëlys', 'd45f2755eb14b7c896ad4536d59cbe62b3069344', 80),
(691, 'Hansen', 'Kallisté', 8.6, 0, 'Kallisté', '2bd746386e7303c37c516ce228d22b96e3bac1f5', 0),
(692, 'Sims', 'Cunégonde', 16.8, 7, 'Cunégonde', 'b039469e10cc32b9eb6aaee8aabb64a15836746f', 140),
(693, 'Stone', 'Lén', 9.9, 0, 'Lén', 'b91b09628ef3a6b13a5c3383fa4787aa476da69c', 0),
(694, 'Hughes', 'Nadège', 9.5, 0, 'Nadège', '9ab4a67f799904ef4c6c5e0c4d0c942a3e008ec8', 0),
(695, 'Bowman', 'Rébecca', 14.7, 5, 'Rébecca', '8a0bbde8e5fe9a3423d20c2cd6a56242bc45766e', 100),
(696, 'Lawson', 'Béatrice', 8.9, 0, 'Béatrice', '0f1fa005246c05f9a9e350970e174761c57b9cff', 0),
(697, 'Jones', 'Táng', 16.4, 7, 'Táng', 'e9c4ee8840031c3747d4e58db8670528d7878149', 140),
(698, 'Ortiz', 'Mélanie', 15.1, 6, 'Mélanie', 'e5c24fef2e7ac4ea6e51308c08fbdcf083e70c20', 120),
(699, 'Franklin', 'Maï', 13.1, 4, 'Maï', 'ba8ce9e6f86927daaf09a1ff8aa87890d21f5588', 100),
(700, 'Richards', 'Mélinda', 14, 4, 'Mélinda', '1c1cebfb3283ea55b42b112ba655750b86443fe5', 100),
(701, 'Jenkins', 'Lauréna', 11.2, 2, 'Lauréna', 'a115e35a62282ce8927b9bf6b0d4261fda07051c', 40),
(702, 'Pierce', 'Annotés', 15, 6, 'Annotés', '9fed3a6d2f3211708e67b81f44901933cfe61e34', 120),
(703, 'Moreno', 'Géraldine', 13.3, 4, 'Géraldine', '6a3236f5f213960de5c415fd15c6d1cb5a46d04e', 80),
(704, 'Carter', 'Gaëlle', 9.9, 0, 'Gaëlle', '8880eab199b0d3679c8c6df0197cd4e93ba0c1ae', 0),
(705, 'Wright', 'Eléa', 10.6, 1, 'Eléa', 'b0305a80cc6fe62e26014101af72bb986061ee9a', 20),
(706, 'Elliott', 'Maïté', 9.6, 0, 'Maïté', '189ee872d4d83256175dd2e108e01a9fe9ae27bd', 0),
(707, 'Tucker', 'Hélèna', 11.8, 2, 'Hélèna', 'a0b9955873e021b17e0337721a2710b9e031b08e', 45),
(708, 'Anderson', 'Hélène', 12.5, 3, 'Hélène', '52acc1e71086da5229cb59a80d1edbfe9a1a7c25', 60),
(709, 'Hill', 'Danièle', 9.2, 0, 'Danièle', '2f304d5be2a9390013eeb52a5b5cb029d0978a51', 0),
(710, 'Stevens', 'Marie-hélène', 11.5, 2, 'Marie-hélène', 'd2df16bee9d37212d9dc0a9709c3a8579fedcfff', 60),
(711, 'Howell', 'Mélia', 14.4, 5, 'Mélia', '737e60bcda32da02106d94b05eb933c2664d96f9', 100),
(712, 'West', 'Thérèse', 12.5, 3, 'Thérèse', 'aab7f20827e516402f2387ba6f4f65adb26b54bc', 60),
(713, 'Dixon', 'Hélène', 8.5, 0, 'Hélène', 'd27296c89abc32be02dcb035b1652fd16ec2e7c8', 0),
(714, 'Ward', 'Yè', 14, 4, 'Yè', 'ba25a89e39e0428bdb6f467ac1b62f876460fa3d', 115),
(715, 'Black', 'Océane', 13.6, 4, 'Océane', '7b6a3377d75708ef9db6d50d2821cf30bab3cb82', 160),
(716, 'Tucker', 'Aurélie', 12.9, 3, 'Aurélie', '3e1e61f0c7bc52aaf4202832a9788bac887502cf', 60),
(717, 'Wilson', 'Kévina', 12, 2, 'Kévina', 'af2941a60e26a34c22aac84a3165a175b835f1e3', 40),
(718, 'Bishop', 'Zhì', 12.6, 3, 'Zhì', '564fd4f695747a12f20fb2f28e3c8198ad3ba8de', 80),
(719, 'Hayes', 'Valérie', 11.6, 2, 'Valérie', 'b46a1da474c765180d3d049f341d58b753dba53f', 45),
(720, 'Hawkins', 'Léa', 10.5, 1, 'Léa', 'c22171e9ccc3eaa1f43a19d86be801e0341c4999', 20),
(721, 'Wells', 'Océane', 15.4, 6, 'Océane', 'c49be16104f3ad7540f1766a626c4c0086c2d796', 120),
(722, 'Sullivan', 'Fèi', 10.6, 1, 'Fèi', '8b2eda986addffced045c6947f6b077ec2f15fea', 20),
(723, 'Stone', 'Séverine', 16.5, 7, 'Séverine', '2d201417bd4c52bb8d2fd97eb9e44cbaaf8bff67', 215),
(724, 'Alvarez', 'Marie-thérèse', 9.6, 0, 'Marie-thérèse', 'ab996ed2c90628963ea4f525b96af5e5ef6207b9', 0),
(725, 'Rice', 'Lài', 12.3, 3, 'Lài', '45e7cd730bc7de3ea89eb190d1d1bdf4f3969f07', 60),
(726, 'Wagner', 'Naéva', 14.8, 5, 'Naéva', '67469575771df48906920b2a850ccc7fd96ddd32', 100),
(727, 'Hart', 'Clémentine', 11.5, 2, 'Clémentine', '24bb65c70ba54237d984556989945405a9bd3677', 40),
(728, 'Reed', 'Hélèna', 9.5, 0, 'Hélèna', '8c10a6b59c03e198cb8f0915642d0052f00792b9', 0),
(729, 'Arnold', 'Lóng', 12.6, 3, 'Lóng', '7dbb8092234523ada33338f67beff47874ef27fb', 60),
(730, 'Romero', 'Laïla', 12.9, 3, 'Laïla', '8273d1150247c93b4ca9e3cfb76ef36739b559e1', 60),
(731, 'Chapman', 'Naéva', 13.9, 4, 'Naéva', '78520f072a837043e3cdef5e3b6939660856ba5a', 80),
(732, 'Hamilton', 'Ruì', 9.6, 0, 'Ruì', '2ef94c5be6406817949fc2211a9cdf209bdd4a1b', 0),
(733, 'Mcdonald', 'Vérane', 10.8, 1, 'Vérane', '0c7acff6f89ba5f635c6064d60fcd3fb26a6db6b', 40),
(734, 'Day', 'Salomé', 9.4, 0, 'Salomé', '9e8bec5e0f6d9dd9250dc3b073eeb0901eb1f26f', 0),
(735, 'Franklin', 'Personnalisée', 16.1, 7, 'Personnalisée', '49528c78ab65b909a799fa01d7210a50e735d0d3', 140),
(736, 'Daniels', 'Andrée', 9.8, 0, 'Andrée', '506e6c96c4d81e254c61d69e91e0d378110f9df2', 0),
(737, 'Payne', 'Loïca', 16.4, 7, 'Loïca', 'ceecbad6eba4909e9bae00c95c8f5427ea8d26b7', 140),
(738, 'Wright', 'Thérèsa', 9.2, 0, 'Thérèsa', '75499e2e72acfa9011fef6ea0a0994c19707ee4f', 0),
(739, 'Watkins', 'Torbjörn', 14.3, 5, 'Torbjörn', '0d92114801574773e3f584c3a58c8dc9bfd49ba1', 100),
(740, 'Robinson', 'Táng', 13.3, 4, 'Táng', '5f40d4ee533cbdbeeba84c6d68b4925c70ce81f3', 80),
(741, 'Burns', 'Edmée', 16.4, 7, 'Edmée', '4430b2e7813e1b55e961b1a43ac817c29e91ccbb', 140),
(742, 'Bennett', 'Régine', 13.5, 4, 'Régine', '4874f491eab06ba3e0df4386a569fb51c7c548f1', 80),
(743, 'Gray', 'Mégane', 12.4, 3, 'Mégane', '0c698916b00f85f39356ffe281b601b3818ee520', 60),
(744, 'Hicks', 'Chloé', 11.4, 2, 'Chloé', '16b5eb5172fe24f3ec4dafdd4593f04f50c205cc', 40),
(745, 'Willis', 'Märta', 12.8, 3, 'Märta', 'f27cac1218484bcb9d75a88232c544bfb19fa9a3', 60),
(746, 'Moreno', 'Mélys', 14.2, 5, 'Mélys', '107c7da7bec6cbded6393e2ba546ba51f0f16445', 105),
(747, 'Chavez', 'Sélène', 9.3, 0, 'Sélène', '2ad96cc16e625017327b9aa877bbddfb3532a718', 0),
(748, 'Ramos', 'Maëlyss', 14.9, 5, 'Maëlyss', 'ddb6158990bb9a24621a9e1785be80d8bf4ae482', 100),
(749, 'Martin', 'Estée', 9.7, 0, 'Estée', '2812976abfe59cc3b0af116673b1bc13b0b2a201', 0),
(750, 'Coleman', 'Lèi', 8, 0, 'Lèi', 'ff5e3002be05abc10324780ce16d5e25cd7afec7', 0),
(751, 'Cunningham', 'Lyséa', 13.4, 4, 'Lyséa', '814c4e3c62cb0280ee9c4a21ce3892be8654c1ff', 220),
(752, 'Adams', 'Eliès', 9.6, 0, 'Eliès', '7a491eda4de7bdfce122427f96c1c0bcc481c303', 0),
(753, 'Flores', 'Clémentine', 8.2, 0, 'Clémentine', '600edbb0ac688b70c008e2e69d46eead4acc286b', 0),
(754, 'Cooper', 'Gwenaëlle', 11.1, 2, 'Gwenaëlle', '88dc38e029c5ff35ed3f103faca7ec14e7d77073', 40),
(755, 'Snyder', 'Amélie', 12, 2, 'Amélie', '9aa92ec6c1107c1e59fe276364708d280ab91ce4', 40),
(756, 'Lane', 'Maëlyss', 11, 2, 'Maëlyss', '2f83ff6a6a77e7aca11c87d1ee6f9b8fce10c821', 60),
(757, 'Rogers', 'Naéva', 12.1, 3, 'Naéva', 'd672cba6873194e0f31a63b645ad5a840c5fbbb3', 60),
(758, 'Cruz', 'Daphnée', 13.4, 4, 'Daphnée', '8a03b737c40c35350adf1161eb6f2918439fec70', 125),
(759, 'Boyd', 'Marie-thérèse', 10.4, 1, 'Marie-thérèse', '0012e4f1dc0e5920644dc5eed874ce6baa7e25d7', 70),
(760, 'Hernandez', 'Salomé', 8.1, 0, 'Salomé', '94fe6a3196c44b2cd7c2ea7776add10deb1fd968', 0),
(761, 'Stanley', 'Daphnée', 10.9, 1, 'Daphnée', 'a9cc30d29d2b7e3e59983d892aee828aa37facc9', 135),
(762, 'Allen', 'Marlène', 11, 2, 'Marlène', '861b0e3d981daf3b96116ac9304cba8cd8de3606', 40),
(763, 'Hernandez', 'Séverine', 16.8, 7, 'Séverine', 'da4c8768d4def293944f4f613e3089bb4e42124e', 140),
(764, 'Dunn', 'Clémentine', 8.5, 0, 'Clémentine', '45e029859d5f2f6e53c4fca59d8ecc26e4bdced9', 0),
(765, 'Martinez', 'Hélèna', 16.5, 7, 'Hélèna', '73ff7b5297ede96c37b235b01a7d090dbf2776fd', 140),
(766, 'Ross', 'Esbjörn', 8.4, 0, 'Esbjörn', 'e971df1ea5c46fdfda0e5d4c6b9d222bff01a19b', 0),
(767, 'Peters', 'Médiamass', 17, 8, 'Médiamass', 'ce32f9bcb41ee872a33b4e0fa860a67772fba6aa', 260),
(768, 'Sanchez', 'Cléopatre', 15.7, 6, 'Cléopatre', 'eb189f950d515341e1515abcd894d9a37047c5c8', 120),
(769, 'Reid', 'Esbjörn', 9.3, 0, 'Esbjörn', 'cb092fd5afee72a9ebbff7cd1f863d08e6e715ca', 0),
(770, 'Robertson', 'Maï', 16.6, 7, 'Maï', '10ee533687066d04d8c069baee84ff534b36ca92', 140),
(771, 'Dixon', 'Séréna', 15.6, 6, 'Séréna', '6bdc80c8779152ebaf9b2f25dc2cb8ca953234ed', 120),
(772, 'Pierce', 'Léone', 8.9, 0, 'Léone', '4c90181223e889a37c94b7c61243d3a5f6e0a8a4', 0),
(773, 'Price', 'Faîtes', 16.7, 7, 'Faîtes', '3e785029003b020cfaa68f72c940b97646b917cd', 160),
(774, 'Henry', 'Björn', 14.6, 5, 'Björn', '4adb6ea83ff196924462448c6608080afc1e6b5a', 140),
(775, 'Nichols', 'Léonie', 9.9, 0, 'Léonie', 'f272a53b0ef1c576ff83d5cbdb2278970c863fb8', 0),
(776, 'Williams', 'Intéressant', 9.5, 0, 'Intéressant', '427f3043fb1efe110751f3aa7616a5cb84b41fa1', 0),
(777, 'Parker', 'Marie-josée', 12.1, 3, 'Marie-josée', 'f7ce16ec08a419abc7470ed82a8f6b752ee5bf21', 60),
(778, 'Gonzalez', 'Maï', 8.5, 0, 'Maï', '68c09af3acbbc95f48ad80178f5a4f8f6e18c732', 0),
(779, 'Freeman', 'Estève', 9.1, 0, 'Estève', 'ba0c3a93a68c5375bf191755f6cc643d316b05f9', 0),
(780, 'Flores', 'Maïly', 13.6, 4, 'Maïly', '3807ac7d80021434c1c1d9029d3fefc5986d354f', 80),
(781, 'Andrews', 'Nélie', 11.1, 2, 'Nélie', '51b552d234204ad2ede3f455ec58883ef62ce236', 40),
(782, 'Rose', 'Kévina', 16.6, 7, 'Kévina', '3928a33b1b0de8a183232349ec9132402875716a', 140),
(783, 'Evans', 'Laurélie', 9.9, 0, 'Laurélie', 'db80b5b3cae5f079382e150d855da2d96908fee6', 0),
(784, 'Robinson', 'Yú', 12.2, 3, 'Yú', '4d57200976226e84f8880c0a47b94109832f549a', 60),
(785, 'Perkins', 'Rébecca', 14.2, 5, 'Rébecca', '94643f030fbb8053bae08afd5d2c938ec1ba2b50', 150),
(786, 'Roberts', 'Méng', 8.8, 0, 'Méng', 'bacb3e7c646fd4a73f83379b19a3dc54a8a6318d', 0),
(787, 'King', 'Loïca', 8.4, 0, 'Loïca', '04868a0c86e9f00ec4c33d8a9b9bae3acf8c01db', 0),
(788, 'Davis', 'Maïwenn', 12.5, 3, 'Maïwenn', 'cf70b1cc3fb8c74f6faf74b0d1ca03130b179c90', 60),
(789, 'Holmes', 'Stévina', 10.6, 1, 'Stévina', '80f4744b624046be42b6077e8ba7316b316d0894', 20),
(790, 'Bishop', 'Thérèse', 11.5, 2, 'Thérèse', 'aeef1b612c266fdbbd09ef5c274e670df0718ad7', 40),
(791, 'Murphy', 'Laurélie', 14.4, 5, 'Laurélie', '03b1922b26fa25b149aa65aa14f1349abe87c68f', 100),
(792, 'Hawkins', 'Judicaël', 13.8, 4, 'Judicaël', '9b3f8371a44671f4c79dabd4259cec82a8b7f1a5', 80),
(793, 'Johnson', 'Pélagie', 9.7, 0, 'Pélagie', '748add8064132673411b1487f07b6c3e3436045d', 0),
(794, 'Thompson', 'Aurélie', 9.9, 0, 'Aurélie', '9bb8e0950f90ad2c86d71227775862a63bb50c03', 0),
(795, 'Griffin', 'Nadège', 14.1, 5, 'Nadège', '5de66ce70670d441df3ffbf54742a7e911caffda', 100),
(796, 'King', 'Eugénie', 10, 0, 'Eugénie', '7ab78e36254ba7e5442d54cba1acc581f9540a41', 0),
(797, 'Jackson', 'Clélia', 13.2, 4, 'Clélia', '23c1b78afe8d17b64e5572d7af014b17e6189b52', 80),
(798, 'Hayes', 'Kù', 11.2, 2, 'Kù', '6126a7a3c93822ec8f598f7a9ea7b49d925c8305', 40),
(799, 'Kelley', 'Garçon', 9.6, 0, 'Garçon', '8820a5e98d8870b8240138414263d04467449aad', 0),
(800, 'Baker', 'Hélène', 9.7, 0, 'Hélène', 'a129261ef1c88ada8b9611d79cd7e0a112c9d4f7', 0),
(801, 'Powell', 'Loïc', 11.7, 2, 'Loïc', '775ea0a75e300e34f175504dbe9b24e5b0da74ac', 45),
(802, 'Hamilton', 'Estée', 14, 4, 'Estée', 'c030c76c814290ffbd1fc6d5d3f5eb608ae7cb6a', 80),
(803, 'Rose', 'Maï', 15.7, 6, 'Maï', '176b1b0ef1b284f707225ced782648f4d0025ac9', 120),
(804, 'Turner', 'Maëlann', 15, 6, 'Maëlann', '0f8eabfc55ec13950d6abb0e03e8f539eb8d0629', 245),
(805, 'Kim', 'Maéna', 14.1, 5, 'Maéna', 'd00b7f27256c942edda2d5ae87a5968201442ea8', 100),
(806, 'Mcdonald', 'Åslög', 12.3, 3, 'Åslög', 'adefdf1d5af74d813709062bc4c8260df5b485f7', 65),
(807, 'Bowman', 'Thérèsa', 14.9, 5, 'Thérèsa', 'e6316ce57bdfb11ad5505c16d4769c846a54e34c', 100),
(808, 'Freeman', 'Styrbjörn', 10.7, 1, 'Styrbjörn', '68f64f0401af7dbe4bc3a5dc99955cdaf23c3150', 190),
(809, 'Sanchez', 'Rébecca', 8.1, 0, 'Rébecca', '52e39965d37749903ced91c49d41d01e5f292fbb', 0),
(810, 'Hunt', 'Torbjörn', 8.1, 0, 'Torbjörn', '129629539ae5981a45a62f44189fdd13df871bb4', 0),
(811, 'Porter', 'Gérald', 9.4, 0, 'Gérald', 'a03545739971fa135e4a7f2453da55c7fb6f0575', 0),
(812, 'Rodriguez', 'Gaétane', 13.7, 4, 'Gaétane', '4fe7a90daaaa084605f6f37eef527a50276887d2', 100),
(813, 'Berry', 'Réservés', 14.9, 5, 'Réservés', 'ae8867d461059391372a8a86f2eeecbf79233f8d', 100),
(814, 'Tucker', 'Edmée', 12.2, 3, 'Edmée', 'd42f809cafe06a2a03452ca07ab273a110e75314', 60),
(815, 'Wilson', 'Mélina', 9.5, 0, 'Mélina', '0a3f49ae46653bab4a1192a615ac49b183764919', 0),
(816, 'Mcdonald', 'Lén', 11.3, 2, 'Lén', '628c93ade9c87e05109b872dc1a50d6724fbb2e9', 45),
(817, 'Day', 'Léana', 11.8, 2, 'Léana', '0ec37ec6de83fe1e3939766876eac5afb9b01ddf', 80),
(818, 'Clark', 'Sòng', 16.3, 7, 'Sòng', 'fe6339fdc0faac2b63f7a7d8fb16a47151c3989d', 140),
(819, 'Hunt', 'Kù', 9.1, 0, 'Kù', '91540dc9914a46549ad0f91e39f3e0e3cc187476', 0),
(820, 'Wheeler', 'Uò', 9.1, 0, 'Uò', 'c9fd5824570a8776cd58a2a873319baf011ff686', 0),
(821, 'Stone', 'Mélodie', 12.4, 3, 'Mélodie', '3104741f3794bcbf404adf10a65313eaba6aca3e', 140),
(822, 'Carr', 'Michèle', 9.6, 0, 'Michèle', '26174f32dc06a3a1da63f599279723a15be2a422', 0),
(823, 'Mcdonald', 'Annotés', 10.6, 1, 'Annotés', '6f8d8f210854c162dca2dee85c455b93ca4df625', 40),
(824, 'Collins', 'Marie-noël', 11.1, 2, 'Marie-noël', '4317a76b6738764a515dad56742256445181e485', 40),
(825, 'Hunt', 'Agnès', 15.3, 6, 'Agnès', '74c8aab11c14f69a22bcbe2f4bfb0d4d4577459d', 160),
(826, 'Willis', 'Wá', 16.5, 7, 'Wá', 'ab2a1808f6efbae0bbf812bd1b951255c0f14057', 140),
(827, 'Rivera', 'Gérald', 9.6, 0, 'Gérald', '53a6593ea063a3cda52a0e5ef1ec89326dd75176', 0),
(828, 'Hicks', 'Crééz', 9.2, 0, 'Crééz', 'f9db519c97dc5f0cdf3a6ee0d574c9cd36fb1c61', 0),
(829, 'Adams', 'Maëly', 9.6, 0, 'Maëly', 'ef632290ee4f46327a7d0faac6c032378101477f', 0),
(830, 'Franklin', 'Thérèse', 14.2, 5, 'Thérèse', '2f0754431c5344d65b57d33acf35e6151dd17aee', 180),
(831, 'Thompson', 'Börje', 14.1, 5, 'Börje', '65f40c35951d7d0091c8a15af636d4b4c31ab168', 100),
(832, 'Baker', 'Östen', 14.5, 5, 'Östen', 'ab58d3c10c516b8495c8953a61f22576d18599ac', 100),
(833, 'Gutierrez', 'Göran', 15.6, 6, 'Göran', 'e9e977a7ce0aafc668f052d2664a42d25f677e00', 140),
(834, 'Reid', 'Eléa', 11, 2, 'Eléa', '8da83ccf430ee7eef2d965c4218617950bad70af', 40),
(835, 'Rose', 'Inès', 14.7, 5, 'Inès', 'bc0020db5d85275f0cb522aa112eb3e7df2d1dd9', 120),
(836, 'Wilson', 'Kallisté', 8.9, 0, 'Kallisté', '026db829052e2ac392765a7c1d324dc1e217ea01', 0),
(837, 'Martin', 'Béatrice', 15.6, 6, 'Béatrice', 'cbc5e52c4aff08f8ebba09df4beb67ba3bacc05f', 120),
(838, 'Burns', 'Mélys', 9.6, 0, 'Mélys', 'bc12d83eaae55aa090c7026f0dd3e2ebcccd95cf', 0),
(839, 'Brown', 'Marie-noël', 14.5, 5, 'Marie-noël', 'd23380bd9bd354fca89fc0f4049360047da3f62d', 100),
(840, 'Ross', 'Vénus', 13.6, 4, 'Vénus', '7e366650c36240ef21f2f8f095c99444db199924', 80),
(841, 'Evans', 'Marlène', 14.5, 5, 'Marlène', 'b64b34db6b0bccc0a3efb43d0d0fb014e40dccb7', 100),
(842, 'Hayes', 'Amélie', 11.9, 2, 'Amélie', 'd28fdba5604a23df8cbd2a0e74ee168107f060bd', 40),
(843, 'Fernandez', 'Börje', 10, 0, 'Börje', 'c77be4d776f1eb0b0653d3d825d5cedb6950c1e9', 120),
(844, 'Spencer', 'Maéna', 10.6, 1, 'Maéna', '0ef17a0aeec9b581c548c779cecac2cf176cf2eb', 20),
(845, 'Crawford', 'Maëlys', 12.4, 3, 'Maëlys', 'ce81e9fd4e07b2b70c750eab2c853f56f83d2163', 130),
(846, 'Cook', 'Naëlle', 11, 2, 'Naëlle', '76cb595736d531896022bea69f9ca2c755c32ce2', 40),
(847, 'Bowman', 'Maïwenn', 9, 0, 'Maïwenn', '1b268018fe7300ce41c5413e41dd1a18b7726bf4', 0),
(848, 'Bryant', 'Ophélie', 10.4, 1, 'Ophélie', '08d67b9f9f6e2794fd86fd4b7e70e8360ccdbead', 20),
(849, 'Gilbert', 'Håkan', 11.8, 2, 'Håkan', '6be9baa486fde758d06f9d1a007d047334df6f5d', 40),
(850, 'Flores', 'Maïwenn', 11.6, 2, 'Maïwenn', '7870b1fe00687e3a9b7366fdd490cd5f9c928615', 215),
(851, 'Burton', 'Cécilia', 10.1, 1, 'Cécilia', 'f4807e7bc0ab85a61203b6e384806efeb08177af', 20),
(852, 'Reed', 'Pò', 10.8, 1, 'Pò', '4ffba05e292341e54f6b149967cf0e728d4f11e8', 20),
(853, 'Foster', 'Zoé', 15.6, 6, 'Zoé', 'bcd011e13bca1e1a0fdc4c8e2000bcabd52e74ec', 145),
(854, 'Carroll', 'Méghane', 15.8, 6, 'Méghane', 'cf1e1438434b030fc25a11342fd9a53966de1181', 200),
(855, 'George', 'Camélia', 16.7, 7, 'Camélia', '6d400b9aec194fd0ea123061c6710c794a9bd517', 140),
(856, 'Matthews', 'Léonie', 16.7, 7, 'Léonie', '47645afb7b2eb5d062ac3c73b57ddad7bc3a7541', 140),
(857, 'Owens', 'Cléa', 9.4, 0, 'Cléa', 'dfe0d2c4c0351b872340f99241fa89b95b66901d', 0),
(858, 'Chavez', 'Mélanie', 14.5, 5, 'Mélanie', '2105578f30afd2a04f4265ef60c31ced74807bd2', 105),
(859, 'Boyd', 'Fèi', 8.9, 0, 'Fèi', '4d4163643b19f6e4ae350328277ee35f26cdb1d5', 0),
(860, 'Hernandez', 'Judicaël', 14.8, 5, 'Judicaël', 'a3e5f3c62891d323b901c9aadab40c33eb576c83', 100),
(861, 'Sims', 'Agnès', 13.8, 4, 'Agnès', 'fc3ca194f61509ee7259ee3d8b4a6452ab081836', 80),
(862, 'Fernandez', 'Anaëlle', 11.4, 2, 'Anaëlle', '567a54aeb7f8987bfc2607b7f3723cba99163cb5', 60),
(863, 'Gilbert', 'Rachèle', 14.2, 5, 'Rachèle', 'df888673f6bfc49d0e84ea4f29e1dfecd8f6a767', 100),
(864, 'Oliver', 'Eléonore', 16.3, 7, 'Eléonore', '83bd152984e8deb8aa512ed17b1614a1f215eea8', 140),
(865, 'Dunn', 'Märta', 9.8, 0, 'Märta', '1db74d1e7956e5f896cc6754bb2bda796eecf09c', 0),
(866, 'Austin', 'Stéphanie', 15.2, 6, 'Stéphanie', '260dcc7b5b2c83de295dd43f7fbc75bc39f857b9', 120),
(867, 'West', 'Magdalène', 10.9, 1, 'Magdalène', '2e535d26c2afb570eccc98eb68713eba4358ca6e', 20),
(868, 'Carroll', 'Mélanie', 11.3, 2, 'Mélanie', '7d96c64fe787fd03b289ac6f792269648348fab1', 60),
(869, 'Simmons', 'Maëline', 8.2, 0, 'Maëline', '8102ceb46f25c5ae762a7a7d6dbe15ddbf870d90', 0),
(870, 'Harvey', 'Simplifiés', 15.1, 6, 'Simplifiés', 'bde4486be322f15dc57542e392d3db42a4575c3d', 120),
(871, 'Reyes', 'Amélie', 15, 6, 'Amélie', '7026d0f189b40a2ab2815aa592f49c2e0997bd3a', 120),
(872, 'Perry', 'Kù', 16.4, 7, 'Kù', '70a03573b4213ad472c25e91f4ced5ce3a308e88', 140),
(873, 'Brooks', 'Fèi', 11, 2, 'Fèi', '363078bca524b616d7944784f13556d3312630ef', 40),
(874, 'Black', 'Fèi', 16.1, 7, 'Fèi', 'eb7d962ee05b55754e0d3fad066b71b5cfc6e4ab', 140),
(875, 'Andrews', 'Régine', 10, 0, 'Régine', 'f0d579502820ee87140d20364532ce6a63a5ae33', 100),
(876, 'Perkins', 'Séréna', 16.1, 7, 'Séréna', 'a7049815a37937d6372f1885a4fa7a75ebc425bc', 145),
(877, 'Hughes', 'Eléonore', 11.2, 2, 'Eléonore', '30c42489776bc0da0a780397d2a6f878c052cc3c', 140),
(878, 'Bryant', 'Dafnée', 14.5, 5, 'Dafnée', 'f3881e12b389bb007064da68e4203a2f4507fcfb', 100),
(879, 'Chavez', 'Ruò', 13.3, 4, 'Ruò', '143df602a55fa43b4454d778d1fe8555f9d162d0', 80),
(880, 'Gilbert', 'Frédérique', 13.8, 4, 'Frédérique', '4ad4b85c23b825eafbeec5dcf84ff9b11c3b1c78', 105),
(881, 'Campbell', 'Vénus', 8.4, 0, 'Vénus', '923f4073b14e10f425dc758e6847407fe08aeda2', 0),
(882, 'Welch', 'Célestine', 14.5, 5, 'Célestine', '208113e77ca03938c765671f38ff9b84c06c9473', 100),
(883, 'Clark', 'Méline', 10.7, 1, 'Méline', 'de3944e4c911928d5e475ba817f1709044209f69', 60),
(884, 'Jacobs', 'Personnalisée', 14.1, 5, 'Personnalisée', 'f233e57f7a6fcd4dde48ab163bcb8f1d4e960300', 100),
(885, 'Henderson', 'Marylène', 12.3, 3, 'Marylène', 'ab8c67e1a8127be1f25215e446085acbdd622297', 60),
(886, 'Vasquez', 'Erwéi', 13.4, 4, 'Erwéi', 'd0f463ff1ea85e4c15ebc2635a7d8666a79aa2a7', 180),
(887, 'Moreno', 'Eléa', 14.9, 5, 'Eléa', '3dc75cb8c9ca64146ef7f8a63cc4b6e6f2658426', 140),
(888, 'Hicks', 'Eléonore', 14.1, 5, 'Eléonore', '41d04643dd4c86a9b8f41a64a0c15b50afc83b08', 105),
(889, 'Bryant', 'Chloé', 14.6, 5, 'Chloé', '01b201646fbcd5b4d5b54feb9ab0f9250ce6072a', 100),
(890, 'Carter', 'Annotée', 12.4, 3, 'Annotée', '6742ebb45229338ec88bed12ed0ef966979b6827', 85),
(891, 'Hernandez', 'Publicité', 16.7, 7, 'Publicité', 'c747a57bf4405fbce591c994e928b00521f260e3', 140),
(892, 'James', 'Ruì', 12.1, 3, 'Ruì', 'f312b677e35efb3cf69ea4a6a87e010d73e690e2', 60),
(893, 'Martin', 'Célia', 15.4, 6, 'Célia', 'ad40574227a78e5f6b9325dbe59f22d0856a28ec', 120),
(894, 'Ryan', 'Salomé', 8.4, 0, 'Salomé', '458b8e1374ad25cd206027d912827671180f8306', 0),
(895, 'Rodriguez', 'Adélaïde', 16.7, 7, 'Adélaïde', 'efb92532e2998f6520987d4b8f531d4aededc452', 140),
(896, 'Wood', 'Régine', 16.7, 7, 'Régine', '1337657643fd0d52ac5e7876743a129134fb40a7', 160),
(897, 'Phillips', 'Mégane', 13.3, 4, 'Mégane', 'a03f5951cdb65350425e26e8fdbd62bb0b23d4a7', 80),
(898, 'Rice', 'Björn', 13.5, 4, 'Björn', '582f6c0f51ddb73080e84ad30b121f98e6811fbf', 80),
(899, 'Williamson', 'Stéphanie', 14.9, 5, 'Stéphanie', '78e089617753a75b9b6656dfe1ad311a4ca3af77', 125),
(900, 'Taylor', 'Océanne', 11.3, 2, 'Océanne', '259e58e1899790724f5bde68f6c687293fce64d1', 40),
(901, 'Snyder', 'Maïlis', 12.9, 3, 'Maïlis', '31fb9f38feb65b1accc25e0538d508d715d951bb', 200),
(902, 'Hayes', 'Börje', 15.2, 6, 'Börje', '30c9e2782e9f0c59a0da2da8666a32f545d05121', 120),
(903, 'Adams', 'Rébecca', 13.3, 4, 'Rébecca', 'b2526c86bf863dec307a76fbebd94b9fcb72b490', 80),
(904, 'Russell', 'Esbjörn', 8.8, 0, 'Esbjörn', 'a80a6678fa430121ecc291bf4dcf2d27ab283d06', 0),
(905, 'Hayes', 'Adèle', 8.7, 0, 'Adèle', '6d3211de24f545a8f6242f2e05961de09a7a65c9', 0),
(906, 'West', 'Noëlla', 12.2, 3, 'Noëlla', 'f58488d89546773dc573388dc1f754b42b49b026', 60),
(907, 'Nelson', 'Eléa', 11.1, 2, 'Eléa', '2b631272f3914ad68399ca37b2eeea714d2c6829', 40),
(908, 'Mcdonald', 'Léandre', 15.9, 6, 'Léandre', '8b92ebcc7520fe436156b99f7d2be8b4686a921d', 140),
(909, 'Watkins', 'Mélinda', 10.4, 1, 'Mélinda', '03c342a614e0fb0e7b273bb21c094392f520ac28', 20),
(910, 'Cunningham', 'Cécilia', 11.2, 2, 'Cécilia', 'aebb269f1793d570326faf896380ca3fb1e4fb9b', 85),
(911, 'Howard', 'Loïca', 14.1, 5, 'Loïca', '929cfe39df4c8aabb4e52d30bc5ff110d2352a51', 105),
(912, 'Rodriguez', 'Eugénie', 14.6, 5, 'Eugénie', '2ee1aa43aef4fd57145b0f8288b0561a003470ce', 100),
(913, 'Woods', 'Noémie', 9.6, 0, 'Noémie', '02fafc57e7777d371f1d677fb3a4a929818d5355', 0),
(914, 'Stewart', 'Mélissandre', 17, 8, 'Mélissandre', 'b86667cd55d95cbb6d1ea1cf8528ce9f85e2d53d', 160),
(915, 'Wallace', 'Eléa', 12.5, 3, 'Eléa', '83ee3bf6722e8c9d387219260ef759abcaab3102', 60),
(916, 'Stewart', 'Néhémie', 16.6, 7, 'Néhémie', '57ba76ddd1da04b1179360950a68dc5d43be71fc', 140),
(917, 'Mitchell', 'Mélys', 16.7, 7, 'Mélys', 'bc0d64ab9735781a3e0c72d96a7519674431c789', 185),
(918, 'Fox', 'Anaé', 8.7, 0, 'Anaé', 'f359a04db7a64bb2a671b27b9045eb6673480acd', 0),
(919, 'Kelly', 'Léana', 13.5, 4, 'Léana', 'f13a41f4e66a94d91d041bd57d921312a88cd3d7', 80),
(920, 'Wilson', 'Tú', 9.2, 0, 'Tú', 'b365ea35eed358e8f75767e991800e44e85fff84', 0),
(921, 'Schmidt', 'Maïlis', 13.2, 4, 'Maïlis', '8dcb583b3ba5aa22850f93db0eec4c2a076d2cce', 80),
(922, 'Carter', 'Hélèna', 11, 2, 'Hélèna', '60f776c1a235a3c3e62543c3793c36d6cc511db9', 40),
(923, 'Hansen', 'Östen', 12.5, 3, 'Östen', 'eb72c4ca70ca1394681037753345409cf3d4b488', 60),
(924, 'Pierce', 'Angélique', 9.1, 0, 'Angélique', '1d8548bc79bcb5dd8cc9f56646c0e952227ddd07', 0),
(925, 'Peterson', 'Solène', 9.4, 0, 'Solène', '9ee53d1cec0d5e0348cb88f67155a25ff80635ec', 0),
(926, 'Jordan', 'Frédérique', 8.8, 0, 'Frédérique', '6fb8da2df1093b69f900c49091646f3470b0f13a', 0),
(927, 'Montgomery', 'Personnalisée', 13.8, 4, 'Personnalisée', '3ae7b59905611ca61b58f1417a23bbaed27513df', 85),
(928, 'Carter', 'Miléna', 16, 6, 'Miléna', 'ffb07fb122f579b3dd88751ab5238bc5a91550f2', 120),
(929, 'Foster', 'Méthode', 14.9, 5, 'Méthode', 'd20c6623e24cf210d24b32b8c04191c4013e18f0', 120),
(930, 'Chavez', 'Mén', 12.1, 3, 'Mén', '2a6b9098772ba2fc4b6577d2aaacc532a8966f51', 120),
(931, 'Walker', 'Mégane', 13.6, 4, 'Mégane', '00d47e0b9635718f6d7cfe7e1816916cccbfe120', 80),
(932, 'Alvarez', 'Loïc', 9, 0, 'Loïc', 'cb5e83048572cb97499e0066a8e6413c4b0a28da', 0),
(933, 'Harris', 'Cécile', 11, 2, 'Cécile', '76635f43096f776168a3a73f979feb2f2c885b00', 40),
(934, 'Hayes', 'Almérinda', 11.6, 2, 'Almérinda', 'ba801e780b399d6337a03689e75b8c03aa57d3a9', 40),
(935, 'Anderson', 'Clélia', 13, 4, 'Clélia', '3c2675338c88905be5329fb284b89482fbfc872a', 80),
(936, 'Bishop', 'Gérald', 8.3, 0, 'Gérald', 'e77a5665071af25b3d311ba5100b492cb3844dcc', 0),
(937, 'King', 'Åslög', 13.6, 4, 'Åslög', '1ba3277e3f03964bfbeb6a7b99a7d2667f3a1d94', 120),
(938, 'Jacobs', 'Ophélie', 15.4, 6, 'Ophélie', 'b68d929fa63dad46d1c0bee989c568eba721eb29', 120),
(939, 'Crawford', 'Görel', 10.8, 1, 'Görel', '0adf295d5cc6266a9dfe2f4a8b32b199ba046b46', 20),
(940, 'Hicks', 'Pål', 9, 0, 'Pål', '0713f37d731582f71ff8c42bc864243ef6fc2e75', 0),
(941, 'Richards', 'Maïwenn', 16.1, 7, 'Maïwenn', '1f927f440f0d4981ebc6b80725f69a0fcd4bd15c', 140),
(942, 'Larson', 'Rébecca', 9.6, 0, 'Rébecca', 'ad1dec587aa1d12d0dca318ae4ae279ce367da1a', 0),
(943, 'Phillips', 'Naëlle', 8.9, 0, 'Naëlle', '3cf2e7b1319b7b0fb8c74ff82339dcc07fb860c5', 0),
(944, 'Bowman', 'Léonore', 10.1, 1, 'Léonore', '18c85e8f2c6d60773372ef600c979ff3874a91db', 20),
(945, 'Richardson', 'Frédérique', 14.7, 5, 'Frédérique', 'f2779feb3682526b35eb6a642e38b67d68c654e4', 100),
(946, 'Payne', 'Aí', 15.4, 6, 'Aí', 'b6a437646b7e39bc70c5549a82d04cfe666dbcd9', 120),
(947, 'Gutierrez', 'Vénus', 11.3, 2, 'Vénus', '79ac5e36f229d063988f363c9505f66e69ea4de1', 40),
(948, 'Wells', 'Chloé', 8.5, 0, 'Chloé', '4f2935a8340aeb0cfea708b85cb6a06e9be05f3a', 0),
(949, 'Collins', 'Camélia', 13.2, 4, 'Camélia', '42f19b8b8381a5af8a5ef02da6707a9310899209', 80),
(950, 'Mccoy', 'Maïlis', 10.9, 1, 'Maïlis', '6c4bfb47164b256f5ffa2bc96ec2fd033914ad31', 60),
(951, 'Turner', 'Lorène', 11.8, 2, 'Lorène', '59c9a17e0a17fa76b804576d1fb9e621d773a8ae', 115),
(952, 'Sanchez', 'Cléopatre', 8.8, 0, 'Cléopatre', '2da8dade355cc4b0b359ed0447449bad1c1880dc', 0),
(953, 'Rose', 'Nuó', 16.5, 7, 'Nuó', '866421ad478e2391535b79572800f4c5aae68778', 180),
(954, 'Mendoza', 'Léandre', 12.9, 3, 'Léandre', '268d2b8c52c20143354c7ab5403ae56c81faa11b', 60),
(955, 'Ellis', 'Camélia', 12.1, 3, 'Camélia', '8529267bd09088e4166ab6e4e6894c7e1a85928f', 60),
(956, 'Porter', 'Yè', 15.7, 6, 'Yè', '0d89e18e802e9054907596bf2c5a60db164d9a84', 120),
(957, 'Pierce', 'Clémence', 16.2, 7, 'Clémence', '2f59adf6faa8eafcd79efe11c533d7f6cceabc42', 140),
(958, 'Wilson', 'Gaïa', 14.1, 5, 'Gaïa', '5979226d3b0dce97c6509620c4a1fd240b3277b8', 100),
(959, 'Webb', 'Yóu', 14.9, 5, 'Yóu', '1fb27bde2342b682a95981e272e3c0ab3e759d1f', 120),
(960, 'Henry', 'Mylène', 9.5, 0, 'Mylène', '8f787f45102d363e1b7d6ef37fc7b5dfdf956d72', 0),
(961, 'Campbell', 'Frédérique', 12.1, 3, 'Frédérique', 'd1e7c420b029989202887f2044fcca453758fc3e', 100),
(962, 'Harrison', 'Angèle', 8.3, 0, 'Angèle', 'b051167e3c4ea1a2e7ad55e415e923988f6f1887', 0),
(963, 'Cook', 'Michèle', 15.3, 6, 'Michèle', 'a8d01dd316e90b6e072f8d10be9a327b06cebcdc', 120),
(964, 'Weaver', 'Audréanne', 14.6, 5, 'Audréanne', '44c9b30f7a5334e5c1c81ad08781cd89d33d02c0', 125),
(965, 'Baker', 'Mélys', 9.9, 0, 'Mélys', '5b17adc969018b102b802193f65ffebc07494a2c', 0),
(966, 'Reed', 'Garçon', 12.6, 3, 'Garçon', '58000b8f5d8c8a9b2b84e54e46ac9ded05558f84', 60),
(967, 'Cook', 'Léa', 9.9, 0, 'Léa', '4aa83fb5be976b39ee8c5d84991e20a9343c33d2', 0),
(968, 'Ryan', 'Yénora', 15.3, 6, 'Yénora', '72a9500430e3b5bd0680cbdedd4ae13de468c35a', 120),
(969, 'Alvarez', 'Mylène', 8.3, 0, 'Mylène', 'a68b8351560179aac558c46820cb57b9d16da7bf', 0),
(970, 'Diaz', 'Amélie', 14.4, 5, 'Amélie', 'f9922496ec864c9b125d22f29bae753da6b52e17', 100),
(971, 'Jenkins', 'Annotée', 15, 6, 'Annotée', '8336e40ea16b97a960be85fc496a66921cd296cc', 155),
(972, 'Cooper', 'Nadège', 15.1, 6, 'Nadège', '3a06fc9da1d06b45ba4ebe2dfbc06e32c40cd491', 120),
(973, 'Turner', 'Géraldine', 9.5, 0, 'Géraldine', '3ae80ce7fa474024ddf7958035c8153e35cf912c', 0),
(974, 'Clark', 'Marie-noël', 10.2, 1, 'Marie-noël', '8fffb7eb63008e7fddd449524f4371b4ee6117f2', 20),
(975, 'Alvarez', 'Simplifiés', 8.2, 0, 'Simplifiés', '97265864d4de7d166302649eb1f26d64d16c88d5', 0),
(976, 'Oliver', 'Angélique', 11.9, 2, 'Angélique', 'e4d3d3f0fce651d09aee5480ec5e58268ccc2409', 40),
(977, 'Cole', 'Maïlis', 10, 0, 'Maïlis', '15afd7262ebd18f6f7c1401f13249c2afd747402', 0),
(978, 'Adams', 'Nélie', 14, 4, 'Nélie', 'dec9aafaf19bdf640cc32de3b7e4cf1b074f9730', 80),
(979, 'Sanchez', 'Médiamass', 8.3, 0, 'Médiamass', 'e411a490148911bb6ee16beaa6f794a437b3bc9d', 0),
(980, 'Jacobs', 'Béatrice', 8.2, 0, 'Béatrice', '09bc328680cd1c655a5774ac7561c96e7f93b42c', 0),
(981, 'Hughes', 'Lorène', 16.5, 7, 'Lorène', 'ea1b37da89c9714afa6e8264911e12813c480b40', 140),
(982, 'Morris', 'Vérane', 16.9, 7, 'Vérane', 'e182c2172761f9deac3cdc797925b0b32547a1c1', 140),
(983, 'Hanson', 'Lèi', 8.4, 0, 'Lèi', '1aa8a9a093cd1b8a820fd6e92c62fbc6ef375b62', 0),
(984, 'Vasquez', 'Crééz', 9.1, 0, 'Crééz', 'd0ee345e31f83883d76b54edd9964410adbd191b', 0),
(985, 'Pierce', 'Inès', 15.2, 6, 'Inès', '86ca4b94b6838eba758fcdd9da31a4c5cc384526', 120),
(986, 'Armstrong', 'Hélène', 8.9, 0, 'Hélène', 'e0f34ffa3c10d2940937a2d499db16c5e72f5d58', 0),
(987, 'Garrett', 'Cécilia', 16.6, 7, 'Cécilia', 'a93cf93db3ae6d491e1b4fc8c4e1d869daa36a33', 140),
(988, 'Ruiz', 'Angèle', 10.4, 1, 'Angèle', '3cacfd9c7fb9cb4cb9e97f95107e5e56bf020c5d', 20),
(989, 'Parker', 'Mélinda', 16.7, 7, 'Mélinda', '3d7b4f23b8f853910e4c64f09cdf897a59db524a', 190),
(990, 'Watkins', 'Illustrée', 10.1, 1, 'Illustrée', 'bb3acf149db4936fbaca693a61d56be89205d997', 20),
(991, 'Riley', 'Méthode', 14.9, 5, 'Méthode', '643fec50e79c69bc6bbb7616afd3904acf40867c', 190),
(992, 'Medina', 'Gérald', 13.6, 4, 'Gérald', 'e3d9d95962c452f35e4ce7166b8d584f7b43adf0', 80),
(993, 'Sanders', 'Desirée', 13.3, 4, 'Desirée', '271a77093bf07cdb81c0e82ce12c41dfa0a4d6ab', 100),
(994, 'Bishop', 'Frédérique', 8.1, 0, 'Frédérique', '5a478022f33905d2d40410e006fb1aa8564b280c', 0),
(995, 'Knight', 'Anaïs', 16.2, 7, 'Anaïs', '87e8db4f2338ba69baa1c7d4e60969caf4f06d9e', 140),
(996, 'Gray', 'Örjan', 10.8, 1, 'Örjan', '204d1b68ca70c70e17417076588df954f47da0da', 20),
(997, 'Hunt', 'Kù', 11.9, 2, 'Kù', '2cfe534aa66900e81f6f20b02826b6132d2df8de', 75),
(998, 'Arnold', 'Björn', 9.7, 0, 'Björn', '3c4a80dbdfac57d174d1cab8d11d03ad91888820', 0),
(999, 'Bishop', 'Táng', 8, 0, 'Táng', 'fbc7843acd866f53f17a92b81b4f1d95ad543b38', 0),
(1000, 'Wells', 'Mélissandre', 11.7, 2, 'Mélissandre', 'a4ac914c09d7c097fe1f4f96b897e625b6922069', 40),
(1001, 'Zaït', 'Aïcha', 15.2, 6, 'Aïcha', '9195f873d1715b7575f88118db6dc42a91137874', 120);

-- --------------------------------------------------------

--
-- Structure de la table `evenement`
--

CREATE TABLE IF NOT EXISTS `evenement` (
  `num_evenement` int(10) unsigned NOT NULL AUTO_INCREMENT,
  `nom_evenement` varchar(50) COLLATE utf8_unicode_ci NOT NULL,
  `nombre_places` int(10) unsigned NOT NULL,
  `prix` int(10) unsigned NOT NULL,
  `nombre_points` int(10) unsigned NOT NULL,
  `date_evenement` date DEFAULT NULL,
  `places_dispo` int(10) unsigned NOT NULL,
  PRIMARY KEY (`num_evenement`)
) ENGINE=InnoDB  DEFAULT CHARSET=utf8 COLLATE=utf8_unicode_ci AUTO_INCREMENT=113 ;

--
-- Contenu de la table `evenement`
--

INSERT INTO `evenement` (`num_evenement`, `nom_evenement`, `nombre_places`, `prix`, `nombre_points`, `date_evenement`, `places_dispo`) VALUES
(100, 'campo', 400, 55, 50, '2015-09-19', 373),
(101, 'gala', 450, 45, 40, '2015-02-20', 422),
(102, 'semaine de ski', 300, 275, 100, '2015-01-23', 280),
(103, 'les tigresses', 60, 65, 35, '2015-04-18', 46),
(104, 'cop', 120, 85, 40, '2015-04-25', 88),
(105, 'defi stop', 30, 5, 25, '2015-03-14', 0),
(106, 'beach volley', 600, 85, 80, '2015-05-02', 587),
(107, 'barbecue 1', 150, 3, 5, '2015-09-15', 119),
(108, 'barbecue 2', 150, 3, 5, '2015-12-22', 135),
(109, 'barbecue 3', 150, 3, 5, '2015-05-12', 145),
(110, 'soiree privee 1', 350, 15, 20, '2015-10-23', 320),
(111, 'soiree privee 2', 350, 15, 20, '2015-12-11', 325),
(112, 'soiree privee 3', 350, 15, 20, '2015-03-20', 324);

-- --------------------------------------------------------

--
-- Structure de la table `inscription`
--

CREATE TABLE IF NOT EXISTS `inscription` (
  `num_etudiant` int(10) unsigned NOT NULL,
  `num_evenement` int(10) unsigned NOT NULL,
  PRIMARY KEY (`num_etudiant`,`num_evenement`),
  KEY `fk_num_evenement` (`num_evenement`)
) ENGINE=InnoDB DEFAULT CHARSET=utf8 COLLATE=utf8_unicode_ci;

--
-- Contenu de la table `inscription`
--

INSERT INTO `inscription` (`num_etudiant`, `num_evenement`) VALUES
(23, 100),
(45, 100),
(50, 100),
(116, 100),
(130, 100),
(170, 100),
(190, 100),
(227, 100),
(283, 100),
(306, 100),
(402, 100),
(431, 100),
(479, 100),
(485, 100),
(543, 100),
(564, 100),
(599, 100),
(654, 100),
(659, 100),
(663, 100),
(759, 100),
(785, 100),
(808, 100),
(845, 100),
(850, 100),
(989, 100),
(991, 100),
(63, 101),
(95, 101),
(128, 101),
(178, 101),
(245, 101),
(261, 101),
(279, 101),
(292, 101),
(306, 101),
(315, 101),
(356, 101),
(391, 101),
(421, 101),
(434, 101),
(499, 101),
(556, 101),
(566, 101),
(600, 101),
(603, 101),
(656, 101),
(660, 101),
(675, 101),
(751, 101),
(887, 101),
(910, 101),
(951, 101),
(953, 101),
(991, 101),
(4, 102),
(12, 102),
(22, 102),
(118, 102),
(165, 102),
(232, 102),
(353, 102),
(475, 102),
(479, 102),
(541, 102),
(550, 102),
(645, 102),
(751, 102),
(767, 102),
(804, 102),
(808, 102),
(850, 102),
(875, 102),
(877, 102),
(901, 102),
(171, 103),
(187, 103),
(306, 103),
(367, 103),
(461, 103),
(567, 103),
(595, 103),
(714, 103),
(723, 103),
(761, 103),
(930, 103),
(951, 103),
(971, 103),
(997, 103),
(7, 104),
(26, 104),
(37, 104),
(62, 104),
(75, 104),
(94, 104),
(108, 104),
(134, 104),
(159, 104),
(182, 104),
(226, 104),
(236, 104),
(261, 104),
(312, 104),
(314, 104),
(380, 104),
(393, 104),
(415, 104),
(441, 104),
(475, 104),
(478, 104),
(486, 104),
(723, 104),
(758, 104),
(817, 104),
(825, 104),
(843, 104),
(883, 104),
(901, 104),
(937, 104),
(950, 104),
(961, 104),
(31, 105),
(45, 105),
(50, 105),
(53, 105),
(108, 105),
(128, 105),
(142, 105),
(171, 105),
(197, 105),
(366, 105),
(386, 105),
(388, 105),
(394, 105),
(422, 105),
(506, 105),
(515, 105),
(522, 105),
(546, 105),
(563, 105),
(581, 105),
(597, 105),
(612, 105),
(804, 105),
(850, 105),
(853, 105),
(880, 105),
(890, 105),
(917, 105),
(930, 105),
(964, 105),
(187, 106),
(203, 106),
(236, 106),
(307, 106),
(342, 106),
(454, 106),
(715, 106),
(761, 106),
(821, 106),
(830, 106),
(843, 106),
(854, 106),
(886, 106),
(13, 107),
(50, 107),
(52, 107),
(70, 107),
(119, 107),
(155, 107),
(190, 107),
(205, 107),
(245, 107),
(268, 107),
(273, 107),
(285, 107),
(303, 107),
(412, 107),
(451, 107),
(469, 107),
(487, 107),
(499, 107),
(504, 107),
(506, 107),
(548, 107),
(647, 107),
(658, 107),
(707, 107),
(758, 107),
(801, 107),
(858, 107),
(876, 107),
(888, 107),
(899, 107),
(910, 107),
(62, 108),
(108, 108),
(217, 108),
(249, 108),
(346, 108),
(394, 108),
(458, 108),
(495, 108),
(618, 108),
(682, 108),
(719, 108),
(746, 108),
(816, 108),
(911, 108),
(927, 108),
(270, 109),
(377, 109),
(524, 109),
(579, 109),
(806, 109),
(4, 110),
(58, 110),
(113, 110),
(142, 110),
(197, 110),
(235, 110),
(296, 110),
(324, 110),
(355, 110),
(399, 110),
(452, 110),
(499, 110),
(500, 110),
(536, 110),
(562, 110),
(575, 110),
(585, 110),
(636, 110),
(655, 110),
(685, 110),
(699, 110),
(700, 110),
(718, 110),
(733, 110),
(756, 110),
(774, 110),
(835, 110),
(862, 110),
(899, 110),
(917, 110),
(3, 111),
(8, 111),
(34, 111),
(50, 111),
(69, 111),
(151, 111),
(246, 111),
(257, 111),
(290, 111),
(324, 111),
(355, 111),
(377, 111),
(428, 111),
(474, 111),
(570, 111),
(624, 111),
(647, 111),
(665, 111),
(669, 111),
(774, 111),
(808, 111),
(812, 111),
(833, 111),
(868, 111),
(886, 111),
(50, 112),
(65, 112),
(105, 112),
(163, 112),
(174, 112),
(198, 112),
(201, 112),
(224, 112),
(270, 112),
(317, 112),
(330, 112),
(360, 112),
(380, 112),
(444, 112),
(563, 112),
(575, 112),
(595, 112),
(710, 112),
(773, 112),
(823, 112),
(845, 112),
(896, 112),
(908, 112),
(929, 112),
(959, 112),
(993, 112);

--
-- Déclencheurs `inscription`
--
DROP TRIGGER IF EXISTS `verif_desinscription`;
DELIMITER //
CREATE TRIGGER `verif_desinscription` BEFORE DELETE ON `inscription`
 FOR EACH ROW BEGIN
DECLARE places INT;
DECLARE points INT;
DECLARE date_event date;
DECLARE date_actuelle date;
 
select places_dispo into places from evenement where old.num_evenement = num_evenement;
select nombre_points into points from evenement where old.num_evenement = num_evenement;
select date_evenement into date_event from evenement where old.num_evenement = num_evenement;
select DATE( NOW() ) into date_actuelle;

IF date_event < date_actuelle then	
    SIGNAL SQLSTATE '45000'
	SET MESSAGE_TEXT = 'Désinscription impossible ! Cet événement est déjà passé !';

ELSE
	UPDATE evenement 
    SET places_dispo = places_dispo+1 WHERE old.num_evenement = num_evenement;
    UPDATE etudiant
    SET nb_points_total = nb_points_total-points WHERE old.num_etudiant = num_etudiant;

END IF;
END
//
DELIMITER ;
DROP TRIGGER IF EXISTS `verif_inscription`;
DELIMITER //
CREATE TRIGGER `verif_inscription` BEFORE INSERT ON `inscription`
 FOR EACH ROW BEGIN
DECLARE moyenne FLOAT; 
DECLARE places INT;
DECLARE points INT;
DECLARE nb_etudiant INT;
DECLARE date_event date;
DECLARE date_actuelle date;

SELECT moyenne_etudiant INTO moyenne FROM etudiant WHERE num_etudiant = NEW.num_etudiant; 
select places_dispo into places from evenement where num_evenement = NEW.num_evenement;
select nombre_points into points from evenement where num_evenement = NEW.num_evenement;
select count(*) into nb_etudiant from inscription where num_evenement = NEW.num_evenement AND num_etudiant = NEW.num_etudiant;
select date_evenement into date_event from evenement where num_evenement = new.num_evenement;
select DATE( NOW() ) into date_actuelle;

IF date_event < date_actuelle then	
    SIGNAL SQLSTATE '45000'
	SET MESSAGE_TEXT = 'Inscription impossible ! Cet événement est déjà passé, il va falloir attendre lannée prochaine !';
    
ELSE IF moyenne < 10 THEN 
	SIGNAL SQLSTATE '45000'
	SET MESSAGE_TEXT = 'Inscription impossible ! Vous devez avoir une moyenne supérieure à 10 pour pouvoir vous inscrire à un événement !';

ELSE IF nb_etudiant > 0 THEN 
	SIGNAL SQLSTATE '45000'
	SET MESSAGE_TEXT = 'Inscription impossible ! Vous êtes déjà inscrit à cet événement !';

ELSE IF places <= 0 then	
    SIGNAL SQLSTATE '45000'
	SET MESSAGE_TEXT = 'Inscription impossible ! Plus de places disponibles pour cet événement !';

ELSE
	UPDATE evenement 
    SET places_dispo = places_dispo-1 WHERE num_evenement = NEW.num_evenement;
    UPDATE etudiant
    SET nb_points_total = nb_points_total+points WHERE num_etudiant = NEW.num_etudiant;

END IF;
END IF;
END IF;
END IF;
END
//
DELIMITER ;

-- --------------------------------------------------------

--
-- Structure de la table `niveauscolaire`
--

CREATE TABLE IF NOT EXISTS `niveauscolaire` (
  `num_niveau` int(10) unsigned NOT NULL DEFAULT '0',
  `note_min` float unsigned DEFAULT NULL,
  `note_max` float unsigned DEFAULT NULL,
  `nombre_points` int(10) unsigned DEFAULT NULL,
  PRIMARY KEY (`num_niveau`)
) ENGINE=InnoDB DEFAULT CHARSET=utf8 COLLATE=utf8_unicode_ci;

--
-- Contenu de la table `niveauscolaire`
--

INSERT INTO `niveauscolaire` (`num_niveau`, `note_min`, `note_max`, `nombre_points`) VALUES
(0, 0, 9.9, 0),
(1, 10, 10.9, 20),
(2, 11, 11.9, 40),
(3, 12, 12.9, 60),
(4, 13, 13.9, 80),
(5, 14, 14.9, 100),
(6, 15, 15.9, 120),
(7, 16, 16.9, 140),
(8, 17, 17.9, 160),
(9, 18, 18.9, 180),
(10, 19, 20, 200);

/*!40101 SET CHARACTER_SET_CLIENT=@OLD_CHARACTER_SET_CLIENT */;
/*!40101 SET CHARACTER_SET_RESULTS=@OLD_CHARACTER_SET_RESULTS */;
/*!40101 SET COLLATION_CONNECTION=@OLD_COLLATION_CONNECTION */;
